date,quantitative_only_gross,quantitative_only_net,equal_weight_gross,equal_weight_net,benchmark
2021-01-04,100000.0,100000.0,100000.0,100000.0,100000.0
2021-01-05,100853.92692712312,100853.92692712312,100778.91311378765,100778.91311378765,100708.25951575492
2021-01-06,98062.63845406407,98062.63845406407,98306.76479577387,98306.76479577387,101283.28784098972
2021-01-07,100317.88157204314,100317.88157204314,100678.62542142168,100678.62542142168,102787.08171376676
2021-01-08,101042.0203461484,101042.0203461484,101289.53244738826,101289.53244738826,103351.57425235827
2021-01-11,99047.51273553555,99047.51273553555,98910.26374820403,98910.26374820403,102674.1304281567
2021-01-12,98702.9131178232,98702.9131178232,98042.67764325984,98042.67764325984,102716.82114535678
2021-01-13,99945.31905388339,99945.31905388339,98932.71369663438,98932.71369663438,102950.56783074024
2021-01-14,98539.77644601747,98539.77644601747,97445.15096363911,97445.15096363911,102564.14789895831
2021-01-15,97800.10805551246,97800.10805551246,97379.00908978419,97379.00908978419,101826.70880629472
2021-01-19,98791.23230362537,98791.23230362537,99320.49226585655,99320.49226585655,102655.20955395953
2021-01-20,102634.97804567765,102634.97804567765,103172.64301046512,103172.64301046512,104085.77410191491
2021-01-21,104541.94766723154,104541.94766723154,104700.3547320978,104700.3547320978,104118.74049255758
2021-01-22,105114.51847211439,105114.51847211439,105256.41479826566,105256.41479826566,103805.27939890203
2021-01-25,106598.84205512678,106598.84205512678,106472.38673458919,106472.38673458919,104180.62257065013
2021-01-26,107386.69685551642,107386.69685551642,107427.2108883517,107427.2108883517,104025.51494399407
2021-01-27,105840.53500446724,105840.53500446724,104954.14991710342,104954.14991710342,101354.35986948556
2021-01-28,105242.20143664404,105242.20143664404,104637.65341839496,104637.65341839496,102343.64186717097
2021-01-29,102633.03115922335,102633.03115922335,102211.85397812627,102211.85397812627,100367.23516812596
2021-02-01,105759.05096136563,105747.80568402016,105125.03013069394,105120.09578171687,101978.30670314851
2021-02-02,106531.51658975305,106520.18917674021,106173.66289069457,106168.67932108964,103395.62400027127
2021-02-03,106341.47862910753,106330.17142268273,107417.83905949024,107412.79709085896,103499.92630886861
2021-02-04,107373.22771853815,107361.81080703794,107911.40280132079,107906.33766584007,104623.24435992358
2021-02-05,107657.5680551542,107646.12090996791,108518.24672475808,108513.1531052932,105031.0129489238
2021-02-08,107368.34287230167,107356.92648020333,108210.58075036391,108205.50157209618,105808.17400237579
2021-02-09,107032.8881565407,107021.50743308046,108196.10317219628,108191.02467347578,105690.35395625055
2021-02-10,106628.96537528734,106617.62760062118,108214.30545750362,108209.22610440593,105653.87123856913
2021-02-11,106438.29505808956,106426.97755724941,108073.52748007409,108068.45473480014,105829.5160623576
2021-02-12,106749.92161328287,106738.57097743434,108333.13120759543,108328.04627706563,106328.08241690022
2021-02-16,106022.48817032555,106011.21488190726,108275.26371001966,108270.18149566912,106267.5527722841
2021-02-17,105953.24958091036,105941.98365457724,108314.30757606971,108309.22352908179,106233.50443486028
2021-02-18,105744.50570956053,105733.26197880034,107753.60700049355,107748.54927161758,105764.39474115809
2021-02-19,104517.96653341013,104506.85321960323,106220.11905655189,106215.13330639173,105568.21272023719
2021-02-22,101938.10408681308,101927.26508776659,104124.28364584144,104119.39626981065,104751.87067938736
2021-02-23,102003.00896027773,101992.16305994669,104583.93245788218,104579.0235068978,104883.4723524993
2021-02-24,101669.95419548734,101659.1437086095,104537.26597842306,104532.3592178656,106074.06902107963
2021-02-25,98477.32172110809,98466.85070434945,101196.61876796388,101191.86881039734,103477.50230210565
2021-02-26,99317.56418458144,99307.00382549745,102064.5423642902,102059.75166820586,102985.96200440403
2021-03-01,102492.54983804302,102419.67743791446,104975.26803059316,104963.18408811356,105436.07667097115
2021-03-02,101009.14520368261,100937.32750710312,103394.91858308342,103383.01655823241,104584.06337252575
2021-03-03,98366.32611401087,98296.38746688887,100914.36982910082,100902.75334587331,103217.54479622522
2021-03-04,97802.48691724023,97732.94916087195,100739.58905330222,100727.99268948835,101832.65291635458
2021-03-05,99328.75473868246,99258.13180295663,102699.19299927965,102687.37106098706,103817.9790791076
2021-03-08,96083.93983061038,96015.62396452716,99542.37744366215,99530.9188936067,103261.5945441382
2021-03-09,99240.98030965953,99170.41978172162,102790.05353551815,102778.22113806204,104723.2254786328
2021-03-10,98792.86865166352,98722.6267319766,102340.68134741236,102328.90067821354,105354.73934252733
2021-03-11,100920.61905164213,100848.86429732708,104818.21648665746,104806.15062273921,106449.9531662183
2021-03-12,99683.6519813227,99612.77671297455,103436.92066632297,103425.01380651639,106558.04228854967
2021-03-15,100534.32436224369,100462.84426419601,104269.82641922162,104257.82368173455,107249.80871312854
2021-03-16,101545.21129234481,101473.01245174491,105593.23148826869,105581.07641060634,107081.46043287634
2021-03-17,101815.47231098215,101743.08131427801,106045.4860715792,106033.27893386048,107389.78887655793
2021-03-18,98518.90645843653,98448.85932639608,103025.4622563154,103013.60276042465,105804.65767533706
2021-03-19,99049.19123143685,98978.76706590255,104179.20952917704,104167.21722280681,105740.88878761398
2021-03-22,100549.75122966834,100478.26016308824,105793.45197842584,105781.2738529263,106483.73101694685
2021-03-23,100732.41546734126,100660.79452613673,105842.62389081815,105830.44010502765,105671.16919259458
2021-03-24,99267.33093901485,99196.75167572875,104149.56889886748,104137.58000449781,105093.42940317046
2021-03-25,98898.22561782647,98827.90878913389,103420.2172069471,103408.31226991383,105644.14691201174
2021-03-26,99110.47821743773,99040.01047673846,104187.43237865099,104175.43912572983,107401.13612328704
2021-03-29,99746.9398572391,99676.01959108938,105095.88480156133,105083.78697461021,107307.91057472353
2021-03-30,99048.05236156662,98977.62900577097,104195.7938025574,104183.79958713365,106969.05012065684
2021-03-31,100417.84590510512,100346.44862346456,105854.36538417966,105842.1802467991,107356.54540198347
2021-04-01,102309.01446987563,102150.17536108682,108037.682128044,108018.61238771322,108626.05821322295
2021-04-05,105609.46557863937,105445.50237872884,111245.63843597649,111226.00245900883,110194.42583657247
2021-04-06,105323.19334877472,105159.67459871153,110880.75598645995,110861.18441492405,110087.14817432697
2021-04-07,106951.67771739238,106785.63067588657,112533.59741274868,112513.73409803405,110249.5523445193
2021-04-08,107919.5990223408,107752.04924172396,113508.9940721653,113488.95859010452,110714.87522448746
2021-04-09,109160.64489142247,108991.1683341591,114866.32595673257,114846.05089190706,111569.58679264925
2021-04-12,108158.94068299294,107991.01931423921,114282.35364960248,114262.18166177785,111547.71035651334
2021-04-13,109179.75431712833,109010.24809166646,115180.66492418287,115160.33437535985,111915.20281686165
2021-04-14,107601.21642064751,107434.16094259989,113418.49706424672,113398.4775558204,111457.72405105681
2021-04-15,109547.37650811241,109377.29953351872,115317.33621293693,115296.98154025327,112694.25727718066
2021-04-16,109341.00890035674,109171.25232027636,115365.44355278405,115345.08038866981,113100.95051663618
2021-04-19,109292.68451026911,109123.00295586554,114904.77054327581,114884.48869259309,112500.77352597615
2021-04-20,108558.0880800288,108389.54701791618,114225.59487804578,114205.43290871668,111735.50728988033
2021-04-21,108650.82279912368,108482.13776240422,114596.91872361735,114576.69121188513,112775.32411892916
2021-04-22,107258.13944301524,107091.61660660879,113036.9046760855,113016.9525225636,111736.58923666147
2021-04-23,109189.4651354099,109019.94383348846,114842.65527214024,114822.38438542924,112957.72451286337
2021-04-26,109763.09655927836,109592.68467010405,115653.93607020064,115633.52198424794,113159.04578099471
2021-04-27,109405.49684976804,109235.64014939558,115535.72619248425,115515.33297176698,113134.72836736473
2021-04-28,110614.57412039941,110442.84027599308,115963.31619711815,115942.84750245333,113039.06843854363
2021-04-29,112807.97171304595,112632.83252532122,117806.50782586998,117785.71378929622,113803.52981179007
2021-04-30,111222.90617453765,111050.22786866986,116678.74222705816,116658.1472524848,112984.74679344619
2021-05-03,111008.95758172237,110797.05339868409,116013.39463082397,115989.21112294015,113295.23913069007
2021-05-04,108459.54960683729,108252.51196994013,113639.69580808473,113616.00710827351,112538.61527437047
2021-05-05,108357.400233519,108150.5575888096,113122.74179008172,113099.16085163385,112617.78211201554
2021-05-06,109647.9143899081,109438.60829221286,114539.47659774177,114515.60033462472,113537.3577091545
2021-05-07,110127.77413055861,109917.55203213217,114892.54769302951,114868.59783067295,114374.50743383201
2021-05-10,107119.28211876693,106914.80290862467,111588.16606550135,111564.90501618569,113180.93541160357
2021-05-11,106568.37811306893,106364.95051953313,111383.162062475,111359.94374715518,112199.21384691325
2021-05-12,103805.34622462888,103607.19296235232,108693.54431886735,108670.8866663237,109792.60795486857
2021-05-13,105231.66156047904,105030.78561534351,110001.78598352174,109978.85562218691,111129.12889693811
2021-05-14,107579.11446349951,107373.75748277486,112585.8509911012,112562.38196992727,112786.94844959005
2021-05-17,107412.50894089014,107207.46999222279,112490.8607145438,112467.41149451534,112501.59158329849
2021-05-18,106145.97485434424,105943.3535832837,111130.48396825118,111107.31832480346,111543.38256938873
2021-05-19,106402.32906158234,106199.2184378602,111504.56594980336,111481.3223273035,111215.0644992018
2021-05-20,108138.90736760518,107932.48180232124,113100.8056653255,113077.22929956036,112388.91078438371
2021-05-21,107086.1265700298,106881.71065027078,112046.90184606516,112023.54517123659,112300.81128855771
2021-05-24,109360.81810776239,109152.06004604953,114412.64666518167,114388.79684032792,113413.85744242823
2021-05-25,109529.98624018526,109320.90525466808,114803.88784134889,114779.95646053259,113172.82081074496
2021-05-26,109808.70319629918,109599.09017003348,114978.36904441578,114954.40129221701,113385.2254361466
2021-05-27,109030.94362814001,108822.81526139623,114451.69440509508,114427.83644056637,113517.35488817618
2021-05-28,108584.2416371278,108376.9659765307,113973.11738436754,113949.35918134646,113604.63632667986
2021-06-01,108658.9662518149,108407.3173566937,113936.38849653909,113907.4188813271,113548.70495588363
2021-06-02,108727.08732401818,108475.28066379811,114077.39771501925,114048.39224661888,113713.00253294296
2021-06-03,107648.1754073023,107398.86745474658,112883.73260288277,112855.03063733559,113300.37178066405
2021-06-04,109693.52344060446,109439.47856121726,114656.91417481368,114627.7613578,114301.27810901037
2021-06-07,110241.73020687081,109986.41570720478,115392.81921906982,115363.47928987675,114210.20985677268
2021-06-08,110305.50352002365,110050.04132445781,115662.33275898427,115632.92430292591,114230.19948327806
2021-06-09,110624.01673045647,110367.81687374538,115801.34452980995,115771.90072843687,114021.85875554218
2021-06-10,111193.42466158757,110935.90608372824,116848.66037073827,116818.9502774692,114552.3161511828
2021-06-11,111530.89433289607,111272.59419164763,116984.0008114094,116954.25630630279,114775.51385545006
2021-06-14,113109.5491601431,112847.59293089052,118564.14886968741,118534.00259406806,114983.85458318594
2021-06-15,112372.97577525419,112112.72541423207,118065.72045948099,118035.70091492136,114752.54227806006
2021-06-16,112140.20444843771,111880.49317451745,117778.38496700619,117748.43848074482,114134.01177553933
2021-06-17,113446.90503122906,113184.16750214316,119487.37287513798,119456.99185937508,114084.2818070253
2021-06-18,112242.25087341627,111982.30326492572,118302.56086969053,118272.48110577832,112586.9862121716
2021-06-21,113690.0082378227,113426.70769350253,119209.81934421537,119179.5088995764,114163.46183914327
2021-06-22,114809.99111844656,114544.09674810186,120711.71307287095,120681.02075476747,114748.49157486722
2021-06-23,114663.7544695181,114398.19877615882,120695.93337122136,120665.24506528546,114624.18644529155
2021-06-24,114845.12737984331,114579.15163562157,120637.14000698326,120606.46664992507,115290.29621723696
2021-06-25,114528.18633528278,114262.94461114639,119969.14239088829,119938.63887977797,115674.28176876131
2021-06-28,115701.3856351858,115433.42683837918,121907.33100773823,121876.3346902543,115942.0635970957
2021-06-29,116282.15114067662,116012.84731913047,122154.5895014865,122123.53031573443,115974.21852765251
2021-06-30,116283.11924602215,116013.81318239098,121842.50586381728,121811.52602885925,116128.2508047639
2021-07-01,116952.3648767715,116628.37712856129,122448.71858542209,122414.42370450958,116734.62919770612
2021-07-02,118979.94394635157,118650.33928925915,124607.31633470391,124572.4168835386,117610.14844969561
2021-07-06,119888.6746222906,119556.55255047348,126193.39662795854,126158.05295462902,117372.35765835579
2021-07-07,120686.4631596525,120352.1310110059,126895.12121748964,126859.58100832446,117766.6085098281
2021-07-08,119430.19169122493,119099.33973354861,126054.80143976519,126019.49658354644,116758.4056379455
2021-07-09,120467.667776697,120133.9417468195,126777.7779542123,126742.2706100153,118075.2008429685
2021-07-12,120929.15393277198,120594.14946905781,127090.73338752256,127055.1383921893,118482.69894527341
2021-07-13,121423.3725561866,121086.99898138954,127329.08311695812,127293.42136571527,118066.01748980166
2021-07-14,122530.06618290379,122190.62678574001,127987.98494655942,127952.13865308501,118203.55667573698
2021-07-15,121624.88869531194,121287.95686963886,126910.01010922863,126874.46573005027,117817.94820404092
2021-07-16,120726.5586572431,120392.1154338868,125866.8971970622,125831.64496821022,116929.73586908233
2021-07-19,118331.35737815926,118003.54947055511,123886.68537436594,123851.98775424671,115074.11797257423
2021-07-20,120382.87379651051,120049.3826674897,125575.707695899,125540.53702207986,116818.94187979809
2021-07-21,120989.36508788522,120654.19382398207,126302.06863005344,126266.69452036316,117781.74257029123
2021-07-22,122227.87729412147,121889.2750369139,127873.530031903,127837.71579444122,118019.26947217227
2021-07-23,125642.48031537388,125294.41874073348,130856.41758858584,130819.7679175261,119216.62830813475
2021-07-26,126292.46358647248,125942.60139312208,131573.73388285833,131536.88330910908,119500.62614371342
2021-07-27,124475.96202251043,124131.13199975314,129680.78172719364,129644.46132288594,118937.48603859833
2021-07-28,125692.34103438625,125344.14133289315,130581.80669992678,130545.23394063736,118915.33251853066
2021-07-29,124790.52127221142,124444.819840457,129397.4901256774,129361.24906439468,119415.50859877204
2021-07-30,124131.68756012969,123787.81126505417,127013.19168824832,126977.61841044194,118769.94262119551
2021-08-02,123926.65389326912,123483.46881623585,126689.65555557908,126647.40110851772,118551.07270405286
2021-08-03,124763.39109816703,124317.21369114697,127576.11631844491,127533.56621260058,119523.59772110342
2021-08-04,124782.45345869569,124336.20788108073,127814.8239185024,127772.19419717876,118969.9180530869
2021-08-05,125812.59192129337,125362.66237433397,128765.7726969033,128722.82580828894,119684.38556836049
2021-08-06,125546.66532545786,125097.68678213777,128343.06899218517,128300.26308675713,119884.88877916952
2021-08-09,125660.85227134752,125211.46537398236,128296.15335498728,128253.36309720071,119772.20798025474
2021-08-10,125237.26585759698,124789.39378510209,127826.20772647945,127783.57420834612,119891.10337592466
2021-08-11,125106.24353938995,124658.84002740536,127515.96476261059,127473.43471894671,120044.05370625488
2021-08-12,126361.70934642847,125909.8160520369,128750.68468852976,128707.7428321767,120541.80200347515
2021-08-13,127041.05751688709,126586.73474536692,129123.99944667029,129080.93307968836,120735.54964413846
2021-08-16,127912.87788068045,127455.43731518337,130021.40223843824,129978.036563209,121051.97949420572
2021-08-17,126629.03223540421,126176.18294396583,128399.35682471207,128356.53214576042,120197.26792604393
2021-08-18,125299.73313196219,124851.6376647178,126817.92660193938,126775.62937299408,118905.33110804149
2021-08-19,126317.11472011777,125865.38090451687,127333.97603753403,127291.50669206143,119054.75851409651
2021-08-20,128432.14355859658,127972.84600114306,128997.8904445041,128954.8661383055,120024.05088527656
2021-08-23,129742.1730103134,129278.19054057317,130568.40265717093,130524.85454241939,121047.11073369054
2021-08-24,129938.20566846481,129473.52214898285,131060.05610419693,131016.34400964405,121228.16529138476
2021-08-25,130064.73034603307,129599.59435045163,131094.89553018968,131051.17181574031,121497.30615043204
2021-08-26,129141.58341204817,128679.74876393475,130413.12648993757,130369.63016401249,120789.59420530415
2021-08-27,130590.85237457216,130123.83486743188,131982.56150209787,131938.54172689552,121853.46455852415
2021-08-30,132370.7074976785,131897.32489307885,134348.91225030718,134304.10323274735,122378.23513632729
2021-08-31,131955.1738671213,131483.27728912115,134275.83080818204,134231.04616527155,122213.13269641854
2021-09-01,132372.3677065717,131845.6958357807,134740.30504035891,134693.16102526686,122251.22513979874
2021-09-02,131048.31490664456,130526.91106404741,133921.4473563584,133874.58984973907,122598.7411681146
2021-09-03,131302.47500243533,130780.0599293567,134304.3883830931,134257.39689000594,122557.66677384976
2021-09-07,131928.96920026868,131404.06148558418,135402.92255443588,135355.54669743078,122141.51309729564
2021-09-08,131313.3605632597,130790.90217964139,134815.81592942076,134768.64549397517,121980.46136057973
2021-09-09,130802.01010002207,130281.5862339528,134051.2734626467,134004.37053143143,121418.66709170461
2021-09-10,129678.13216836317,129162.17989181867,132450.2895050765,132403.94673892716,120481.00187216378
2021-09-13,130142.66680203177,129624.86627476245,132690.05945595805,132643.63279718146,120755.27538118503
2021-09-14,130610.19644816729,130090.53575387334,132671.49646971934,132625.07630590876,120061.33846580738
2021-09-15,131780.79666535795,131256.47848690007,133644.57028745138,133597.80965679436,121078.73788532974
2021-09-16,131507.94496749225,130984.71238806576,133521.05796949798,133474.3405543182,120890.92775748982
2021-09-17,128971.33220195957,128458.19208075409,131251.35470362086,131205.43143036458,119789.50593428017
2021-09-20,126503.99620277873,126000.67290731319,128353.0745149601,128308.16531514617,117755.80223648956
2021-09-21,126840.84683569956,126336.18330770596,128574.79218382968,128529.80540766526,117660.14230766846
2021-09-22,126597.53415927358,126093.83870297576,128842.83728843564,128797.75672650717,118780.22111561644
2021-09-23,127338.18290850287,126831.54062221995,129749.27098491498,129703.87327271843,120221.58533967388
2021-09-24,128266.75539470532,127756.41858352309,130501.08998428738,130455.429219649,120397.23016346237
2021-09-27,127123.57776723553,126617.7893335594,129445.2816775877,129399.9903276002,120062.9613859791
2021-09-28,122523.35672254191,122035.87125545644,125302.5724314652,125258.73056570711,117617.98596662248
2021-09-29,122036.18287570922,121550.63573431633,125045.52233843555,125001.77041141895,117802.55025411895
2021-09-30,121446.4684555471,120963.26761952201,124359.48786385857,124315.97597206835,116399.55555737347
2021-10-01,123761.0489919388,123226.92799101547,125980.3253909705,125933.4824293314,117737.15844622414
2021-10-04,120588.69751972158,120068.26757553559,122360.93637937728,122315.43920645639,116208.23569973126
2021-10-05,122794.05882274655,122264.11110381508,124374.99911507712,124328.75305804933,117431.27098003663
2021-10-06,124107.97798536302,123572.35972772825,125562.46356404237,125515.77597496219,117913.06715947144
2021-10-07,124842.91392529952,124304.12387231355,126233.6805367755,126186.7433707014,118891.54288381831
2021-10-08,125010.04631163759,124470.53495806306,126225.68630335736,126178.75210975985,118664.01739242645
2021-10-11,124355.97877538031,123819.29020983142,125335.48721487218,125288.88402186245,117849.29827174835
2021-10-12,123132.59966309344,122601.19088857158,124413.93256292229,124367.67202936416,117564.48237884736
2021-10-13,124009.3220593804,123474.12957546329,125158.07094594439,125111.5337211996,117919.82272961714
2021-10-14,126661.94363126534,126115.30311179435,127301.58591438366,127254.25167161936,119931.90068625774
2021-10-15,126956.8667523102,126408.95342015791,128210.8045628831,128163.13224753374,120826.61789637615
2021-10-18,128649.1044460881,128093.88784931286,130106.37352968566,130057.99638948272,121234.3798881399
2021-10-19,129431.76285225003,128873.16850217774,130984.32989023262,130935.626301626,122130.70682395711
2021-10-20,128918.46666028597,128362.08756515903,130564.38922758824,130515.84178450903,122578.19737374572
2021-10-21,129558.48669659498,128999.34543885558,131152.03994707306,131103.27399923903,122945.4259446352
2021-10-22,126871.80607893401,126324.25984686993,128049.6662844485,128002.05388475793,122813.56038206443
2021-10-25,126876.14184553463,126328.57690141199,128111.84824066023,128064.21272000231,123396.70330815784
2021-10-26,127208.11076511747,126659.11312813187,128230.22683493326,128182.54729784711,123621.260043138
2021-10-27,131143.82769225427,130577.84450867225,130446.53346900018,130398.02984794442,122996.77883332096
2021-10-28,131916.5014145005,131347.1835689608,131889.8488034356,131840.80851790757,124205.74880547138
2021-10-29,133689.80075097329,133112.829799515,132379.11176630302,132329.8895593033,124447.86738393581
2021-11-01,131749.56544571999,131128.4697645225,131335.54923473625,131275.25872584098,124671.8831455254
2021-11-02,133117.83719392415,132490.2911865291,131971.6619712603,131911.07945033308,125130.72094204313
2021-11-03,134035.8116924093,133403.93815653605,133358.3852591854,133297.16615316592,125939.22546596613
2021-11-04,134893.4773622782,134257.56060666707,134834.3209609026,134772.42431620398,126465.89604787271
2021-11-05,135226.98564644932,134589.49666132653,135765.7574379994,135703.43321082566,126937.96790075011
2021-11-08,135175.0698123418,134537.82556958488,135282.37834640412,135220.2760178069,127050.66189413785
2021-11-09,135121.0624221406,134484.07278179313,135663.75438109017,135601.47697913813,126606.14010076092
2021-11-10,132628.18094353977,132002.9432806266,132828.1932119702,132767.2174943442,125564.70035154035
2021-11-11,132799.671265317,132173.62516028216,132859.9756659451,132798.98535835976,125633.87897316918
2021-11-12,134968.23674008445,134331.96755274784,135587.7198690984,135525.4773713246,126541.28926625667
2021-11-15,134878.83045517292,134242.98274822027,136204.13400383014,136141.6085368063,126539.93023554377
2021-11-16,135372.56458768027,134734.38931223567,136137.26708378323,136074.77231248998,127029.0361529878
2021-11-17,136026.23086403974,135384.97406570875,136512.9369709924,136450.26974579153,126698.55418923857
2021-11-18,138013.58608244162,137362.96046578488,138764.8729826523,138701.17199036453,127127.40094876179
2021-11-19,138647.39574715824,137993.78221593704,139611.15897608415,139547.06949025055,126949.592231411
2021-11-22,137345.5371456023,136698.0608547752,137795.14313665655,137731.88730568456,126543.71704927781
2021-11-23,136942.75786836303,136297.1803653514,137350.20755784164,137287.15597768087,126753.41680772658
2021-11-24,137237.02709752545,136590.06234631513,137837.50482318908,137774.22954578654,127044.17021345095
2021-11-26,133511.4787608597,132882.07704277337,134322.00233807304,134260.34087684657,124157.11397821143
2021-11-29,136434.75205225317,135791.56939750796,136932.97252595163,136870.1124804709,125796.01265666622
2021-11-30,135453.2032473542,134814.64782398957,135157.5701950939,135095.52516055762,123410.75542183983
2021-12-01,134819.83025294062,134174.55571984532,133225.04063310515,133155.8201557657,121952.6342171475
2021-12-02,135153.00140683685,134506.13225030695,133309.82526704564,133240.56073768108,123683.68309462113
2021-12-03,133426.04014354915,132787.43656724397,131619.83500979614,131551.44855809436,122638.73361559829
2021-12-06,135130.01278684163,134483.25365842113,133877.27593330794,133807.7165704361,124077.39297270289
2021-12-07,139120.46114761572,138454.6029393491,137484.0983620397,137412.6649823238,126646.67352163517
2021-12-08,140329.51899665972,139657.87399695773,138945.3053821718,138873.11279497552,127037.41464330525
2021-12-09,139730.60223421833,139061.82376930965,138235.02036722485,138163.19682677495,126125.14878417549
2021-12-10,142216.61038606992,141535.933391498,139567.8913213081,139495.37525366337,127329.52707974252
2021-12-13,140247.9455488709,139576.6909759209,138277.35372816963,138205.50819233933,126166.22317844033
2021-12-14,137706.54106024615,137047.45015484956,136640.90470282175,136569.9094259378,125223.67600391137
2021-12-15,140648.3036622044,139975.13289566353,139763.23548553092,139690.6179218294,127270.89084199342
2021-12-16,136958.22279626792,136302.71349097785,136186.24929416363,136115.4902451259,126158.10857758172
2021-12-17,135661.5313602471,135012.22827817642,135479.2511043086,135408.8593942632,124860.23424675592
2021-12-20,134653.07599822406,134008.5995841714,133763.57927346442,133694.07898460023,123438.31867581325
2021-12-21,137149.60322858483,136493.17793846616,136495.79191876895,136424.87203894346,125632.79702638803
2021-12-22,139523.11725349416,138855.3318529871,137756.10746255974,137684.53275355854,126911.76367748962
2021-12-23,140081.1706889637,139410.7143336769,138482.0384599011,138410.0865748832,127701.62441114716
2021-12-27,142457.36891450206,141775.53960170856,140663.23111962358,140590.14594017126,129468.87892237045
2021-12-28,141671.88794679195,140993.8181021994,140318.88269036514,140245.9764259466,129338.09530658083
2021-12-29,141730.8320487184,141052.48008592578,139886.4224910536,139813.74092239264,129519.41375373388
2021-12-30,140953.6757298581,140279.04339184065,139424.34320948576,139351.90172593406,129132.18236186607
2021-12-31,139842.05133875154,139172.73945625316,137854.66655218523,137783.04063428822,128793.05801834058
2022-01-03,140649.89957441963,139972.26320693037,139231.24516558636,139153.02390489282,129613.99173577382
2022-01-04,139076.46359431188,138406.40787526435,137647.88664605925,137570.55492922766,129532.3839206347
2022-01-05,133865.40471455306,133220.45532704744,133072.8392171512,132998.07779966007,127020.39377321154
2022-01-06,132944.8497126958,132304.3354620045,132906.42041173624,132831.75248970118,126897.97545326642
2022-01-07,132738.77363535555,132099.25223744905,132636.18922549344,132561.6731215653,126384.01114880187
2022-01-10,133285.87488052758,132643.7176065803,132491.14164201982,132416.70702701918,126201.88783879942
2022-01-11,134458.71386691052,133810.90597854552,134358.47273349087,134282.98903649766,127357.89519656533
2022-01-12,135590.37195853848,134937.11186095915,134903.95647042102,134828.16631617004,127716.7584716103
2022-01-13,131862.03465528318,131226.7372932237,131523.78685541672,131449.89570830547,125897.6100983107
2022-01-14,133190.56380229082,132548.86572705625,132870.25829954585,132795.6106936834,126000.84365459984
2022-01-18,130077.17475399739,129450.47665851148,129421.05300608515,129348.3431921754,123683.94698407994
2022-01-19,129115.3347696556,128493.2707176711,128439.70806900706,128367.5495827685,122485.50620133632
2022-01-20,127797.23983853238,127181.52622877239,126672.19224195236,126601.02676066842,121133.5873093448
2022-01-21,125295.09655938616,124691.43801178939,122736.85068343839,122667.89610946624,118842.3670831678
2022-01-24,125413.67160595767,124809.4417763047,123496.68419272134,123427.30273802322,119171.76710013588
2022-01-25,122435.18220637446,121845.30242420426,120373.12808263283,120305.50146749309,117721.21952291162
2022-01-26,124324.921896182,123725.9375476895,120833.79847116575,120765.91304760615,117545.03372573254
2022-01-27,124620.06915484327,124019.66281801775,121101.34768447289,121033.31194956086,116912.16083112512
2022-01-28,129720.38570876459,129095.40658523177,125641.18282694972,125570.59657524986,119758.69683996332
2022-01-31,131877.05472390723,131241.68499674284,128798.87373215645,128726.51346368907,122020.45380806344
2022-02-01,132389.528601845,131747.19523215792,129786.52135941647,129709.44297767493,122857.88061667272
2022-02-02,136884.66239360443,136220.51933499295,132557.62214194363,132478.89804259042,124015.51089461034
2022-02-03,131895.46854209958,131255.53227485975,121142.18785022666,121070.24321605108,120990.63838950374
2022-02-04,132929.62906400082,132284.67521100596,124708.16719149641,124634.10477256113,121614.57862593024
2022-02-07,130552.34330102186,129918.9236682253,122457.44584947907,122384.72010215635,121164.39640366168
2022-02-08,131799.8722984618,131160.3998493045,123472.00351343621,123398.67523464796,122182.32360210166
2022-02-09,133915.39661253724,133265.65996895562,125587.73933782567,125513.15455341706,123956.06979401184
2022-02-10,130702.17842053885,130068.03181108307,122976.94661093898,122903.91233945223,121710.51563868306
2022-02-11,127277.05789696673,126659.52943874031,119345.59563138093,119274.71796794646,119401.7335690218
2022-02-14,127759.94780117917,127140.07643636009,119784.98532133148,119713.84671056672,118943.15966196287
2022-02-15,129760.61957420436,129131.04126159888,121523.92722733344,121451.75588353405,120818.50329551753
2022-02-16,130037.2093237842,129406.28904079975,121581.56982131579,121509.36424439406,120924.96949767717
2022-02-17,126103.22207827614,125491.38888858675,118002.29037403101,117932.21048061407,118364.60841245289
2022-02-18,124598.55016332175,123994.01740737219,116649.37498417919,116580.09856810172,117516.38852497799
2022-02-22,123704.11997680443,123103.92685678924,115330.424292936,115261.9311830433,116324.42622844831
2022-02-23,120876.78526004433,120290.30992764444,112437.7328362278,112370.95765493065,114182.64660279927
2022-02-24,125464.09381782985,124855.36157889939,116869.11428666665,116799.70737052136,115890.46001342405
2022-02-25,126953.52475383253,126337.56602801793,118398.37640430749,118328.06128099206,118483.23991866398
2022-02-28,127431.16554622099,126812.88938168662,118681.21641399345,118610.7333159915,118193.83234917959
2022-03-01,126023.98254437502,125374.33318606074,116702.90149166963,116614.77473336572,116364.95964932258
2022-03-02,127758.87483446827,127100.28216520438,118352.18889247568,118262.81669510996,118534.315723418
2022-03-03,126838.60733305557,126184.75861156813,116627.20992292695,116539.14032217867,117911.45743377265
2022-03-04,124606.52578808327,123964.18337130165,114679.40046195617,114592.80172552571,116975.94291332117
2022-03-07,120235.63564712551,119615.82502086509,109599.93543631201,109517.17239531763,113523.02851154075
2022-03-08,119635.97306609993,119019.25368011856,109311.90103561417,109229.35550024894,112701.8309046487
2022-03-09,124763.72468887233,124120.57191708556,113646.88812147237,113561.06907401547,115598.07049305501
2022-03-10,123001.51892462494,122367.45026382123,113399.99421057422,113314.36160201245,115101.94511600646
2022-03-11,120407.60190832213,119786.90480181419,110912.21571908491,110828.46172580203,113610.04606058558
2022-03-14,117536.30317797561,116930.40751909722,108666.44707175861,108584.38894300233,112766.94562861173
2022-03-15,121166.27367117055,120541.66563744102,112190.09568687947,112105.37671828216,115181.12514812444
2022-03-16,124765.08396786315,124121.92418903924,116321.21921852592,116233.38068288832,117759.31196629182
2022-03-17,125438.56805660583,124791.93649013284,117746.05956139478,117657.14507512603,119213.38246779129
2022-03-18,127850.24805966686,127191.18436452426,120637.79571188199,120546.69756668483,120603.6840815677
2022-03-21,128021.21920743951,127361.27416182536,120208.803751777,120118.02955457341,120551.26244057374
2022-03-22,130850.49571602495,130175.96584591005,122860.06951436905,122767.29324648793,121913.98760590379
2022-03-23,130128.42376082692,129457.61614716574,121829.23456511623,121737.23671954735,120417.77395783126
2022-03-24,132844.15032140026,132159.34322937144,124054.27142436258,123960.59336962146,122145.03602157085
2022-03-25,133051.24208214058,132365.36743910474,124558.90502445129,124464.84590186406,122763.84360802335
2022-03-28,134099.57743698123,133408.2986607255,126055.7630140673,125960.5735576102,123640.98578018456
2022-03-29,135961.32151460272,135260.44551073242,127852.87027505373,127756.32375518852,125156.39738638602
2022-03-30,135205.96318144505,134508.9810241786,126767.06077897595,126671.33419477474,124368.70054629077
2022-03-31,132669.10535450003,131985.20061334225,124239.20882148702,124145.39111354885,122422.01439754499
2022-04-01,133081.32577601387,132372.58606043938,124843.47724221765,124746.90763434186,122839.50071586613
2022-04-04,135910.46242901983,135186.65582487115,128122.38759740711,128023.28166889804,123833.38758460792
2022-04-05,133694.8998436009,132982.89246964076,126003.14298505668,125905.67634620637,122279.0654777039
2022-04-06,129963.48101957943,129271.34574037493,122141.8501587032,122047.37032815373,121090.88999490824
2022-04-07,130099.25103538722,129406.39269754302,122031.63321901654,121937.2386440758,121605.93624615397
2022-04-08,128166.4112926987,127483.8465124329,120344.5585497445,120251.46897000949,121283.55568879041
2022-04-11,124041.35856141984,123380.76221799104,116820.72285615456,116730.35905303732,119236.61793464013
2022-04-12,123769.09057026575,123109.94422094758,116326.22888460346,116236.2475851619,118829.13302680814
2022-04-13,125953.46440482776,125282.6849245561,118373.28499185256,118281.72024239867,120156.99839462848
2022-04-14,122527.12579125968,121874.59366643238,115330.92079411434,115241.70939081903,118697.79524315501
2022-04-18,122850.82036803673,122196.56437097612,115754.68031920001,115665.1411271241,118673.47782952504
2022-04-19,124938.96161255984,124273.58498213394,118431.65937455134,118340.04947102636,120579.08958400598
2022-04-20,124223.58180291897,123562.01500892095,115626.00835681292,115536.5686957756,120504.51442294434
2022-04-21,122110.57497220831,121460.26123607902,112237.84695306994,112151.02812113325,118726.71752784132
2022-04-22,118398.97453600614,117768.42734955721,109063.13987796454,108978.77676277122,115433.23194260511
2022-04-25,120624.24452961417,119981.84641507185,110956.43233651808,110870.60471140916,116090.96322423307
2022-04-26,116157.1102887207,115538.5024049479,106760.80749412626,106678.22529164393,112823.43116727147
2022-04-27,116577.77711734718,115956.92892459991,106140.51085573106,106058.40846848986,113060.14001183015
2022-04-28,120983.75512403587,120339.44239499037,112838.3191458013,112751.03583333686,115858.02799893547
2022-04-29,116110.14757779606,115491.78979927425,106536.7740940267,106454.36518708272,111654.17655867297
2022-05-02,117989.72034948957,117352.65812841564,108744.62006112836,108650.46602392482,112287.84112165686
2022-05-03,118192.15071048866,117553.99550661074,108937.15895863555,108842.83821603998,112830.99160026657
2022-05-04,122545.36860113684,121883.70905594833,112867.37678617456,112769.65315454094,116200.3981828044
2022-05-05,116435.6244254929,115806.95323880884,106332.24254376067,106240.17720834662,112057.88784724388
2022-05-06,115959.40771549148,115333.30776699739,105329.93568903217,105238.73817803863,111422.04619622478
2022-05-09,112070.16076231943,111465.06003557918,101410.562749769,101322.75873801553,107852.4068895732
2022-05-10,113939.53535623064,113324.34131011233,102636.78549312438,102547.91978450965,108117.49704542766
2022-05-11,110183.07732670676,109588.1655347422,99172.60611470634,99086.73978641859,106337.53625676232
2022-05-12,108261.89639154277,107677.35763707687,98631.3480832254,98545.95039080031,106199.72658413173
2022-05-13,111329.6772352793,110728.57460327992,102123.3731157158,102034.9519334423,108734.68171170841
2022-05-16,110529.77549428194,109932.99177394921,101406.3697914083,101318.56941003175,108305.5710627264
2022-05-17,112915.55870860696,112305.89342241394,103749.98397425702,103660.15442824834,110490.05460004848
2022-05-18,107478.49875858067,106898.18980510558,98304.88219842901,98219.76716900874,106026.78003005966
2022-05-19,106036.65204243183,105464.12805589044,97414.3116245414,97329.96767524352,105408.24293030244
2022-05-20,105654.13885567928,105083.68017363748,97412.33308153236,97327.9908453106,105423.64747746087
2022-05-23,108979.65779496488,108391.24362938256,99543.9046663785,99457.71685774876,107379.78746606875
2022-05-24,106420.94537948984,105846.34647687843,95880.38237258949,95797.3665407817,106507.77794388153
2022-05-25,106923.77157420151,106346.45776073627,96824.04673812882,96740.21385615588,107514.3578955924
2022-05-26,108958.01532304239,108369.71801171816,99463.21588520985,99377.09793911218,109652.09341528508
2022-05-27,112861.57014454408,112252.19635895324,102735.61612979198,102646.6648509354,112365.1343441443
2022-05-31,112913.72683092506,112304.07143559423,103501.46978529176,103411.85540959846,111660.11407149637
2022-06-01,112962.11289499834,112348.84327273279,103268.33970926428,103176.64216616713,110824.58726699057
2022-06-02,115093.66537717106,114468.82358834382,106210.84345023344,106116.53309894782,112867.19723401626
2022-06-03,111934.00057524155,111326.31255939098,103084.01458416057,102992.48071330943,111022.12172138788
2022-06-06,112625.75435878552,112014.31082198494,104298.92083349194,104206.30818168556,111370.44261255313
2022-06-07,113920.85082881397,113302.37623263766,104843.16262515633,104750.06671163307,112431.06712542969
2022-06-08,113406.74186250547,112791.05835622197,104380.24269344765,104287.5578315643,111217.49228222291
2022-06-09,110326.68832638403,109727.7263847052,100565.87747409027,100476.57959334824,108570.66121858083
2022-06-10,105979.86210065674,105404.4990135778,96212.09364412766,96126.66172348055,105410.13633716945
2022-06-13,101551.2145952753,100999.89456930038,91558.35970806936,91477.06008943626,101323.55077516868
2022-06-14,102160.64767537567,101606.01904631914,91618.46101429843,91537.10802846553,100941.18814381605
2022-06-15,104879.42114175872,104310.03233219543,94621.91311853331,94537.89320516441,102414.17292227624
2022-06-16,101329.52434150758,100779.40786860637,91082.13479756698,91001.25804478393,99084.48830052682
2022-06-17,102485.38993377397,101928.99828385108,92444.42718893688,92362.34078307313,99302.55995205657
2022-06-21,105618.82545416374,105045.42242964158,94016.71377509479,93933.23125094928,101733.2127710359
2022-06-22,105368.58653161237,104796.54205045998,93805.88512777622,93722.58980978729,101600.7996378381
2022-06-23,107270.91720158374,106688.54499566152,95696.55927866962,95611.58512886328,102569.28054893231
2022-06-24,111144.08570287011,110540.6861230534,99796.28831516422,99707.67379425219,105704.13558323726
2022-06-27,110114.29215083865,109516.4833048218,98563.1038022194,98475.58429252126,105389.86962673231
2022-06-28,106571.89635228548,105993.31912010461,94695.67113781485,94611.58573071212,103266.99768080749
2022-06-29,107584.2344473847,107000.16124681872,95786.98155690449,95701.92711626769,103193.49786929053
2022-06-30,105630.2121751316,105056.74733227151,93924.20817282103,93840.80778940204,102289.5973060053
2022-07-01,106617.49254531924,106035.60119425652,94840.48987422657,94750.09453382758,103369.14269307902
2022-07-05,109125.31038953525,108529.73200195769,97868.64411892982,97775.36255310017,103532.89269951131
2022-07-06,110343.88620507794,109741.65713841621,98857.7900350317,98763.56568430176,103902.83273459013
2022-07-07,112719.48653153364,112104.29203818116,100850.84056319081,100754.71657570063,105457.6958148847
2022-07-08,112910.47687819455,112294.24000775923,100697.54752913197,100601.5696498706,105370.13729244929
2022-07-11,110763.27000452136,110158.75204698583,97932.82070497323,97839.47797049771,104155.48709969784
2022-07-12,109007.97216707593,108413.03418188608,96588.47473473739,96496.41333708071,103192.68640920467
2022-07-13,108125.29509585327,107535.17453922288,96242.69547322328,96150.96364824267,102732.76666590579
2022-07-14,108811.66990822103,108217.80329118938,95988.56470984017,95897.07510457913,102424.70870891951
2022-07-15,110151.9833548567,109550.80164549178,97949.44943816609,97856.09085434183,104391.39108140714
2022-07-18,108302.985715706,107711.89536854322,97201.08381702956,97108.43852312141,103518.30620967521
2022-07-19,111531.07280442835,110922.36437309794,100734.3718465735,100638.358868941,106378.34016433188
2022-07-20,112686.29127259985,112071.2779505881,102888.66897886553,102790.6026754557,107005.52624110182
2022-07-21,113829.82875274484,113208.57429193471,103808.16534711963,103709.22264390087,108060.74761730908
2022-07-22,110994.95280159036,110389.17037785343,100186.98254507153,100091.49130074414,107052.27425873121
2022-07-25,110308.38579198699,109706.35047761528,99319.61950116431,99224.95496679706,107193.06588224646
2022-07-26,108093.97696256227,107504.0273323949,96204.71793523317,96113.02230779306,105955.71459880029
2022-07-27,114207.15336665385,113583.83956338374,101840.1001992577,101743.03331847725,108727.12127871331
2022-07-28,115665.03933140286,115033.76875468525,101877.56983812396,101780.46724389703,110046.34426675741
2022-07-29,118443.7484758717,117797.31240632845,105317.42538399022,105217.04415936605,111609.8563240647
2022-08-01,117419.07914854882,116769.94011818082,104897.16208050115,104785.03391243807,111294.77231023741
2022-08-02,116619.16705028377,115974.45024982604,104354.74455973654,104243.19620033294,110553.28251438099
2022-08-03,120313.25392554901,119648.11475430033,108232.6342532452,108116.94068477531,112282.1674982923
2022-08-04,120514.88096431785,119848.62711919,109009.99808709868,108893.47356781106,112194.88605978865
2022-08-05,120073.65438875621,119409.83981834854,108059.90301837215,107944.39408823327,112012.48566585446
2022-08-08,119545.93639439439,118885.03925741962,107971.25003011421,107855.83586418982,111873.864533138
2022-08-09,119620.35249829,118959.04395971102,107530.64073044778,107415.69754688958,111398.54683991712
2022-08-10,122781.02543761149,122102.24345108845,111219.29909076478,111100.41297399133,113770.29293445211
2022-08-11,121997.11406675914,121322.66585180763,110373.15686526142,110255.17521888342,113690.03095555297
2022-08-12,124489.11469661133,123800.88971825587,112575.56358263259,112455.22770830743,115659.41159775699
2022-08-15,125103.13427660838,124411.51475557999,112900.39928268844,112779.71618036162,116118.52647820649
2022-08-16,124856.37645063568,124166.12110429721,112815.54013365835,112694.94774018138,116336.32764304096
2022-08-17,124445.66943289005,123757.68463710604,111535.65342287827,111416.42914412779,115494.30915784824
2022-08-18,124338.16142208986,123650.77097303719,111515.61401004149,111396.41115210552,115756.430557291
2022-08-19,122116.5952221545,121441.48646820096,108813.70372474735,108697.38903122452,114263.1724711572
2022-08-22,118917.2076716895,118259.7863953362,105699.60664736861,105586.62071883361,111817.93316234177
2022-08-23,118514.04106509223,117858.84865292336,105293.76410536953,105181.21199582309,111567.69998301873
2022-08-24,118484.65783206387,117829.62786200864,105565.78365646051,105452.94077590239,111893.04929679398
2022-08-25,120503.02530571642,119836.83700335035,107930.32140007512,107814.95098416475,113469.80200769739
2022-08-26,115383.94692421894,114746.05890832283,103200.72687801678,103090.41208762498,109647.2246547699
2022-08-29,114089.2548486483,113458.52440173208,102032.97978402804,101923.91323848684,108916.2772427932
2022-08-30,112948.26037542052,112323.83779645368,101023.99333557533,100916.00533019501,107715.13159309671
2022-08-31,112155.45870566927,111535.41904735645,101019.450858634,100911.46770886281,106873.11970514049
2022-09-01,112486.0667160761,111781.92025625939,101784.30889636924,101670.77089228592,107193.33636894175
2022-09-02,111117.83471676016,110422.25319077617,100145.43989946302,100033.73001522331,106042.45506391337
2022-09-06,110008.28784994528,109319.6519263908,99125.81140167,99015.2388890527,105608.2051677209
2022-09-07,111947.32234644386,111246.54834822794,100942.92426895017,100830.32480964156,107545.16698990925
2022-09-08,111716.3892232818,111017.0608329165,100844.89985882911,100732.40974344588,108256.11817814411
2022-09-09,114272.96794270299,113557.63574042499,103530.6598745585,103415.17385700785,109909.34605421266
2022-09-12,116848.03245299165,116116.58072043177,105001.10011509374,104883.97385601817,111072.65655275132
2022-09-13,109684.06758853936,108997.46123678818,97917.20711947301,97807.98277652366,106270.25104200051
2022-09-14,110474.79950031872,109783.24328150759,98320.70094175152,98211.02651092774,106630.18966659019
2022-09-15,108121.9478521508,107445.12014334004,96424.30895700905,96316.74990686862,105423.37699076558
2022-09-16,106929.18040275428,106259.81924514758,95297.18774876004,95190.88597583387,104666.21216105543
2022-09-19,108129.26762516139,107452.39409563343,96210.96953412528,96103.64845909642,105383.918919436
2022-09-20,107787.98528571823,107113.24813412694,95368.7071779231,95262.3256267548,104196.02052057208
2022-09-21,105535.7441736947,104875.10572474262,93268.34691476198,93164.30826609721,102412.55000210452
2022-09-22,105340.351610161,104680.93629031198,93350.59699780072,93246.46660110167,101549.4599436253
2022-09-23,103430.01495324026,102782.55806373998,91694.49017193083,91592.20712346841,99799.49678919098
2022-09-26,103692.04441302232,103042.9472571152,91312.81501379068,91210.9577149957,98767.517477069
2022-09-27,103571.86385918835,102923.5190161142,90872.36950862504,90771.00351643818,98558.09480255196
2022-09-28,104772.29559751526,104116.43622590018,92929.60169748527,92825.940911148,100496.9434343709
2022-09-29,101534.21583607944,100898.6263740379,90060.5158742286,89960.0554856879,98373.80100175078
2022-09-30,99314.20791025499,98692.51537578298,88447.21648996114,88348.55569896218,96891.63287012377
2022-10-03,102316.37499462297,101674.73298487334,90972.50408713316,90868.36135573004,99399.56571711763
2022-10-04,105726.59256679754,105063.56454863226,93646.09955422877,93538.89616689006,102439.57228268737
2022-10-05,105794.41023198156,105130.95691861806,93478.552480711,93371.54089648962,102232.8544751232
2022-10-06,105043.33274354109,104384.58955472204,93079.4836596273,92972.92891802515,101185.4706158428
2022-10-07,100376.32214828982,99746.84651374073,89304.74619179312,89202.51266212392,98351.91137114192
2022-10-10,99499.15697403837,98875.18217965605,88721.33929343568,88619.77363136585,97615.01325186889
2022-10-11,98139.24274487962,97523.79618558314,87206.56969376137,87106.7380967823,96978.64382193214
2022-10-12,98179.36255871478,97563.6644017832,87193.17860886971,87093.3623416232,96659.50910491202
2022-10-13,100603.49286424655,99972.59260656405,89016.45183922091,88914.54834071473,99169.33535877289
2022-10-14,97206.14160273259,96596.5466668168,86191.0456718257,86092.37661782061,96822.72473519022
2022-10-17,101310.35362419972,100675.0205320012,90046.54767809244,89943.46495521133,99386.59555021678
2022-10-18,102377.89701881299,101735.86919481566,90680.34849622997,90576.54021622553,100522.342794782
2022-10-19,101791.92022940888,101153.5671576185,90184.29059242598,90081.05018538004,99851.64794348965
2022-10-20,101647.75873109716,101010.30971863755,89968.48113093895,89865.48777641736,99057.73650663927
2022-10-21,104446.55485714186,103791.55415590039,91572.05646098126,91467.22737909833,101407.86345726067
2022-10-24,105899.37820352224,105235.2666195718,92538.25196860773,92432.31681362895,102612.78932345472
2022-10-25,107468.19146982093,106794.24161221036,94667.38794750284,94559.01541830208,104281.95612283579
2022-10-26,102389.94817806815,101747.84477936398,89273.65439979648,89171.45646312513,103511.55063952951
2022-10-27,98966.4754994723,98345.84123403182,82950.81167628962,82855.85194986724,102881.93018250201
2022-10-28,101456.96401089181,100820.71150199996,84778.88559477335,84681.83314140026,105415.53947383873
2022-10-31,99948.09515526584,99321.30499924785,82919.1213323763,82824.19788415695,104629.729443374
2022-11-01,96920.01143841131,96276.81304568516,81084.84708730626,80977.41468586781,104200.61879439198
2022-11-02,92965.73998533901,92348.7836555808,77700.79256840065,77597.84382965164,101595.39650116883
2022-11-03,89834.98796081662,89238.8085030409,75249.87924011059,75150.17780975562,100519.90841452443
2022-11-04,91253.25390039907,90647.6622855336,76890.09519317694,76788.22057824995,101888.86137108254
2022-11-07,92116.05528695467,91504.73779095446,78729.46760069559,78625.15593122663,102868.41904221057
2022-11-08,92176.02828024684,91564.31278044618,78802.14566005165,78697.73769665444,103444.26542476768
2022-11-09,89392.49050825169,88799.2476333968,77980.26459452084,77876.94557264277,101294.91217165059
2022-11-10,98147.65461991022,97496.30911587588,85310.9320870867,85197.90038471205,106910.14339621247
2022-11-11,100754.18565927974,100085.54221491056,87224.14494298963,87108.57835205126,107898.07296042147
2022-11-14,99032.58473509796,98375.36649519291,86389.78809298025,86275.32697320293,106933.91983645187
2022-11-15,99754.77510065743,99092.76412831791,87673.22144789677,87557.0598583972,107865.64754316934
2022-11-16,98823.08205778273,98167.25415804914,86661.28176937457,86546.46093728753,106975.53520410728
2022-11-17,98434.77297739913,97781.52204575167,86096.44526450866,85982.37280581464,106645.05324035804
2022-11-18,98264.13493399716,97612.0164218947,85953.92343039678,85840.0398043077,107152.53246137219
2022-11-21,96948.39352461517,96305.00677747227,84675.122056278,84562.93276282343,106736.38538205455
2022-11-22,98096.08808791707,97445.08479917972,85779.1927317963,85665.54061306315,108185.86420697061
2022-11-23,98950.30507711168,98293.63287659506,86598.67694460721,86483.93906003635,108825.74996394609
2022-11-25,97978.97372400411,97328.74765113287,85831.78881782164,85718.06701253136,108794.9474668657
2022-11-28,96544.94517587402,95904.23586681235,84371.69256992589,84259.9053017517,107114.69731021432
2022-11-29,95161.37188565842,94529.84449995063,83661.29153223238,83550.44550144355,106944.18513639984
2022-11-30,100106.5692561194,99442.22364274957,88688.23224649654,88570.72583054054,110253.8801316439
2022-12-01,100129.14770170466,99370.76742756991,88850.86487889892,88721.65532916752,110158.2202028228
2022-12-02,99937.66446105807,99180.734485022,88923.66088928282,88794.34547744489,110026.61852971085
2022-12-05,98666.3783089579,97919.07708102028,87546.11873821121,87418.80658882119,108057.77886089741
2022-12-06,96245.83814060972,95516.87013490121,84552.90877721983,84429.9494420859,106501.83383382169
2022-12-07,95151.94121313484,94431.25840580038,83916.46199201222,83794.42819657514,106303.4879193385
2022-12-08,95718.70163597046,94993.72617325338,84673.49841921462,84550.36371906467,107103.07957678993
2022-12-09,95087.53870834937,94367.34368694294,84176.6681616163,84054.2559666886,106315.91711284875
2022-12-12,96746.49126770155,96013.7313046611,85122.60043717785,84998.81263962018,107834.0335860031
2022-12-13,98314.43702495762,97569.80140771945,87127.58374582071,87000.88024236776,108620.10750592663
2022-12-14,97681.9250781855,96942.08011975743,86828.35656776765,86702.08820930733,107962.65990546688
2022-12-15,93724.1255463354,93014.25704494138,83322.00044150831,83200.83112960076,105272.04958060707
2022-12-16,92548.60355831266,91847.6384852209,83062.06343720462,82941.27213335957,104099.55572890161
2022-12-19,90845.87245072634,90157.80389891523,80907.580202059,80789.92201131416,103161.87731488782
2022-12-20,91214.0165277455,90523.15964493927,81536.52205351731,81417.94923697175,103268.89108767449
2022-12-21,92543.1255916715,91842.20200881446,82886.48302632582,82765.9470566957,104804.29232038133
2022-12-22,90348.44723456523,89664.14619182068,80803.1433148496,80685.63699930809,103289.69217426573
2022-12-23,90759.75469357318,90072.338399469,81460.96077159124,81342.49783849169,103895.80667774913
2022-12-27,89543.84252177458,88865.63557207548,80215.18635727523,80098.53506609228,103475.06792184808
2022-12-28,87865.99238670866,87200.49350928018,78914.12542365615,78799.3661736777,102231.23155495149
2022-12-29,90354.7223526596,89670.37378203841,81349.69702443205,81231.39589435706,104016.3249935908
2022-12-30,90207.96252140764,89524.72551284016,81245.60798190911,81127.45822119147,103752.04629782222
2023-01-03,89337.04419319783,88655.69583094401,81731.64836526297,81606.01607031301,103336.98116528572
2023-01-04,88019.16900954027,87347.87170848003,81214.94861513513,81090.11055567053,104116.03562560472
2023-01-05,86250.03732240004,85592.23268822316,79792.25724916546,79669.60605347868,102903.54932641557
2023-01-06,88125.55546888892,87453.44678840037,81743.47426878127,81617.82379586194,105253.94676373225
2023-01-09,88742.67169195671,88065.85644061948,82256.71591962443,82130.27652677325,105173.15040867901
2023-01-10,89324.3884858674,88643.13664511302,83480.97516964718,83352.65392928317,105907.07317430388
2023-01-11,91840.77579186103,91140.33217701988,85862.19081233388,85730.20933028939,107267.91812723984
2023-01-12,92139.52303563009,91436.80096007751,86516.63074305818,86383.64330075168,107634.33523804347
2023-01-13,92890.79948436967,92182.34763588167,87504.33821442665,87369.8325358084,108064.53443104311
2023-01-17,93035.60221983164,92326.04600184555,86955.77131943322,86822.10886029396,107845.11034603692
2023-01-18,92167.57671665127,91464.64068361004,86095.4721087053,85963.13204262123,106166.76019348903
2023-01-19,92193.08564297158,91489.95506056589,86273.8304233919,86141.21619711597,105355.82128930847
2023-01-20,95362.38630480562,94635.08436285997,89201.36069236258,89064.24646696044,107348.98496898837
2023-01-23,96995.20067279009,96255.44571758954,90671.27987929873,90531.90619474534,108624.43529305121
2023-01-24,96685.84988703528,95948.4542627611,90177.67395465722,90039.05900734154,108547.14866780024
2023-01-25,95669.4120353529,94939.76849501916,89485.17901927502,89347.62852776947,108527.42293075369
2023-01-26,97894.78502628194,97148.16919571332,91849.87975516738,91708.69440756555,109722.0768997633
2023-01-27,99017.77323025282,98262.59268635036,93631.51832849483,93487.59436803964,109995.81603263046
2023-01-30,96835.86098543376,96097.32126895082,91489.4489079563,91348.8175899796,108569.30878510438
2023-01-31,98409.88390997879,97659.33956594774,93103.23577611065,92960.12385543155,110159.03166290866
2023-02-01,99956.28116199985,99117.7698755588,94804.54323206816,94650.20472998271,111310.44734409114
2023-02-02,105431.8019937072,104547.35776575256,103624.89963750845,103456.2019016873,112946.64115559305
2023-02-03,102991.10694482735,102127.13717151883,101073.65889590283,100909.11449135773,111777.12265753574
2023-02-06,101766.43072167106,100912.7344881883,99966.07406653272,99803.33277160315,111090.75936962613
2023-02-07,104113.65886306441,103240.27224829166,102728.98200801061,102561.74279495866,112520.77634695447
2023-02-08,102562.63932608835,101702.26387351697,99360.6457223819,99198.890043759,111273.96462640971
2023-02-09,101271.0456685821,100421.50511149428,97154.53416823516,96996.3699625638,110291.43819886999
2023-02-10,101072.36317766867,100224.48932435486,96495.4068991809,96338.3157298,110533.55677733442
2023-02-13,103443.23149337956,102575.46894654616,98496.11216955235,98335.76392151238,111799.0122881446
2023-02-14,103447.7274419261,102579.92717956791,98524.2979659736,98363.90383243647,111767.66222043715
2023-02-15,104031.17314588487,103158.47848567487,99035.51982084799,98874.2934358952,112077.61358429045
2023-02-16,101807.18698653391,100953.14885769768,96883.17783868927,96725.45539169322,110532.204343858
2023-02-17,100706.98625222192,99862.17746567761,96090.09305544932,95933.66172292204,110226.31687767048
2023-02-21,98271.33732047986,97446.96065781341,94102.6954611098,93949.49954280743,108017.24544002314
2023-02-22,98497.23020281673,97670.9585743796,94142.99023292426,93989.72871613356,107847.27423959924
2023-02-23,99073.0884001021,98241.98602373998,94429.1228105321,94275.39547984768,108422.03867537518
2023-02-24,97024.21110688646,96210.29631208422,92706.67842906169,92555.7551779783,107279.53586066425
2023-02-27,97512.4830758752,96694.4722747781,93013.98645381384,92862.56291594458,107609.20636432762
2023-02-28,97479.1729471928,96661.44157744836,93687.95955965329,93535.43881698714,107282.50461707593
2023-03-01,96340.48930556966,95438.33733135689,92674.36718058956,92513.14212600849,106775.56636945235
2023-03-02,97222.3124591533,96311.9029132316,93566.37892753209,93403.60204533178,107585.15943739295
2023-03-03,101015.77769958366,100069.84537211467,96573.5309589873,96405.52255198511,109322.41631438523
2023-03-06,101764.36164316963,100811.41942310576,97089.89779092906,96920.99106356928,109397.53904607391
2023-03-07,100864.15363514677,99919.64114631526,96256.32524014598,96088.86867407768,107720.81181369773
2023-03-08,101218.17561954846,100270.34799671208,96587.93714608897,96419.90367672732,107873.21457340091
2023-03-09,99834.23889035918,98899.37073307486,95109.50826109368,94944.04680581673,105881.94430058803
2023-03-10,98478.30013568208,97556.12926521103,93676.26053135874,93513.29248877491,104348.97085090233
2023-03-13,99792.5087974656,98858.03140927495,94913.87978562879,94748.75866406648,104191.42884398869
2023-03-14,103652.59735108803,102681.97330706878,98186.95377901125,98016.13850976514,105908.15512108503
2023-03-15,105018.76819223283,104035.35104605752,99694.36952994428,99520.93181833233,105168.8226215544
2023-03-16,108344.92702016236,107330.36304491454,103274.78600862487,103095.11946740492,107015.79813828625
2023-03-17,106664.37234620286,105665.54542738701,102464.8710749865,102286.61353803983,105836.5421191986
2023-03-20,106882.96980753096,105882.09589754124,102134.8892837796,101957.2058142252,106780.43512996753
2023-03-21,108464.04640212769,107448.36696871289,104302.6963395606,104121.24154874962,108166.67944331464
2023-03-22,107445.64991427548,106439.50695310271,103052.44432210838,102873.1645874201,106385.90719456345
2023-03-23,109166.16169918905,108143.90751505485,104540.42414224804,104358.55577776908,106703.41899141185
2023-03-24,110089.30704187005,109058.40833662756,104963.50655008305,104780.90215161357,107305.20570777067
2023-03-27,108522.98215689557,107506.75083706313,103420.8769968613,103240.95630200353,107481.93247834028
2023-03-28,107791.54145635046,106782.1594962916,102566.44058075243,102388.00634393061,107312.77273800224
2023-03-29,110031.03505858753,109000.6820240712,104533.33492642814,104351.47889501648,108840.61353771397
2023-03-30,111269.74017876148,110227.78765707534,105512.03955019932,105328.4808720776,109462.6669645099
2023-03-31,113177.24641170395,112117.43161293912,107440.72398575563,107253.80998660123,111042.92940521559
2023-04-03,113578.79120242137,112510.08166280379,107588.48314923295,107396.8847043393,111453.66015339101
2023-04-04,113793.94741623686,112723.21338335096,108076.62134987727,107884.1536063617,110807.56639689686
2023-04-05,112381.39232313403,111323.94960183238,106648.07085494348,106458.14713886718,110531.39288377213
2023-04-06,114309.33520051467,113233.75167208626,108792.86334048177,108599.12008078127,110927.00276595737
2023-04-10,113158.86608886786,112094.10779727843,107761.2691641103,107569.3630140536,111037.51967130984
2023-04-11,111952.53013752171,110899.12275683333,106326.91364330787,106137.5618585435,111032.92799472644
2023-04-12,111818.47478054308,110766.3287818198,105718.21416203902,105529.94637688693,110573.81971151341
2023-04-13,115126.05595464518,114042.7875648804,109075.5025640265,108881.25596759228,112040.32600375963
2023-04-14,114911.24729878837,113830.00013197618,109190.89822017108,108996.4461219246,111808.47272524316
2023-04-17,114637.7528901303,113559.07914464502,108572.21074844917,108378.86043688086,112178.12907915376
2023-04-18,114668.71325786422,113589.74819355085,108207.34291106803,108014.6423726742,112274.06609190663
2023-04-19,114583.06300409776,113504.90385823362,108492.21021802964,108299.00237503018,112264.60565480805
2023-04-20,113630.74633278401,112561.54792598564,108051.45206445508,107859.02914354326,111596.34518377329
2023-04-21,113241.4689926219,112175.9334563523,108474.88616144873,108281.70916991407,111697.13776256835
2023-04-24,112885.77977624301,111823.59106603714,108167.7281801664,107975.09818948006,111792.25671799888
2023-04-25,110757.52444661847,109715.36136575266,105763.46387504517,105575.11550715423,110024.72512284384
2023-04-26,113186.88069857859,112121.85880600936,107909.03878367743,107716.86947878782,109602.09955731223
2023-04-27,120910.26490306221,119772.57051336495,113987.20867695104,113784.215091755,111746.59064715062
2023-04-28,121691.093633653,120546.05210542436,113551.34998415534,113349.13259586523,112668.85791676953
2023-05-01,121863.8826926653,120683.15498061197,112922.05715337896,112715.46202862466,112625.35573948358
2023-05-02,120942.87302196218,119771.06888609272,112340.63802281517,112135.10662609454,111320.4487545803
2023-05-03,120210.43661854819,119045.72899018956,111934.60198352978,111729.81344492125,110541.39429426129
2023-05-04,119410.59143525345,118253.63343174182,111378.42884809642,111174.65784902974,109743.42555698157
2023-05-05,121514.76704638814,120337.42188303721,113280.7712959675,113073.51989028008,111770.90806078061
2023-05-08,121365.12937721706,120189.23403918644,113671.95638262903,113463.98928920248,111821.44289214401
2023-05-09,120840.24474958266,119669.43496940384,113409.17617663792,113201.68984942134,111309.36539731
2023-05-10,122040.84728080977,120858.4049754852,115713.5985466087,115501.89619252356,111808.47272524316
2023-05-11,122406.8246836768,121220.83645767414,117280.87427436576,117066.30453074964,111618.77578777271
2023-05-12,121699.38162430242,120520.24774764797,116668.9096301642,116455.45949874076,111442.0490172031
2023-05-15,122567.9729670033,121380.42339042106,117106.20599402532,116891.95581255743,111771.71292363
2023-05-16,122995.73461992538,121804.04050087002,118379.46999814537,118162.89033258546,111058.86832852811
2023-05-17,124248.97936034348,123045.14267072249,119760.81346631107,119541.7065812395,112379.45034728512
2023-05-18,126196.58098408782,124973.87416528347,121815.69847809595,121592.8321040807,113440.87972301106
2023-05-19,125932.23251875651,124712.08694740103,121278.76616542808,121056.8821291502,113276.85922988348
2023-05-22,126645.79519745124,125418.73598433081,121831.1753072907,121608.28061783791,113294.42107336773
2023-05-23,124993.48555804836,123782.43541781341,120358.3934851238,120138.1933050694,112023.02804973419
2023-05-24,125290.63415566109,124076.7049705767,120552.72676270129,120332.1710426511,111203.1762790821
2023-05-25,127817.00864198977,126578.60165182383,122098.75512374453,121875.370887015,112177.04713237262
2023-05-26,131041.55950460541,129771.91014403167,125165.24633985113,124936.25184281179,113640.85515490246
2023-05-30,131256.8716395994,129985.13613997519,125471.72604330875,125242.17083019527,113642.741964533
2023-05-31,131202.6349707434,129931.42496510898,125062.19332628873,124833.38736858999,112948.54115969653
2023-06-01,133769.5868043796,132469.518869969,127154.8948574512,126916.34297689388,114061.58731356704
2023-06-02,134381.9357246673,133075.91654816235,127991.437251664,127751.31595640558,115719.406866219
2023-06-05,134033.6239220374,132730.98988722716,128214.5589137387,127974.01902592716,115487.55358770252
2023-06-06,133655.8268367444,132356.86450256535,128501.07857371951,128260.001154075,115759.3993137027
2023-06-07,130423.70560216994,129156.15531969545,124714.71954675087,124480.74561350663,115318.1233606692
2023-06-08,131443.86399906417,130166.39909211107,125891.7262845354,125655.54420058613,116031.78601309341
2023-06-09,131781.15061436992,130500.40771632976,125946.49227892623,125710.20744996688,116164.99741190413
2023-06-12,134189.98460455265,132885.83094548102,128245.99026863594,128005.39141330429,117247.7886393213
2023-06-13,134491.66073434224,133184.57517219544,128446.96314301796,128205.98724787845,118060.60775589591
2023-06-14,135384.82210365863,134069.05616442283,128879.02635382074,128637.23987650449,118157.34963149816
2023-06-15,138802.2768375058,137453.29764387556,131222.71291593905,130976.52951125751,119596.2860725345
2023-06-16,137573.10115758755,136236.06796697184,129897.38474613953,129653.68775401503,119157.17401306331
2023-06-20,137566.70689227956,136229.73584567948,129871.35644537583,129627.7082842468,118592.95196116708
2023-06-21,136194.99947579356,134871.3596569424,128410.86843046075,128169.96025164131,117970.89853437115
2023-06-22,138373.40325768487,137028.59216236728,131247.24439267363,131001.01496514794,118408.66475760237
2023-06-23,138288.69623625895,136944.7083839894,130873.65076315835,130628.1222245995,117501.79543790541
2023-06-26,135210.8381861713,133896.7631463218,127987.11767933493,127747.00448791006,116974.58388260825
2023-06-27,138111.0148180163,136768.75380007373,130027.94624157585,129784.004306539,118314.62774895299
2023-06-28,138250.19733167786,136906.5836391299,130474.63585021047,130229.85589280505,118272.73529736581
2023-06-29,137503.63370343612,136167.2756469207,129650.07957199181,129406.84654245742,118801.83366229353
2023-06-30,140126.05801064387,138764.21337056588,131833.70133393217,131586.37167030186,120259.4138935953
2023-07-03,139309.050298225,137919.8225203856,131358.5362447556,131104.85243186034,120400.19891987406
2023-07-05,140514.20765698425,139112.96172184733,132424.36348469957,132168.62131209776,120163.21299138361
2023-07-06,140480.7960099496,139079.88326485356,131742.69060570942,131488.26490160698,119211.218574229
2023-07-07,139528.07625410112,138136.66428979777,131289.82054772938,131036.26944078933,118869.6664476824
2023-07-10,138910.22746070768,137524.9768527875,129715.69075255148,129465.17965549468,119155.5510928916
2023-07-11,139612.38165834485,138220.12897759743,130563.88368221429,130311.73452780225,119958.92296684056
2023-07-12,142519.46848663624,141098.22554455398,132977.92294002327,132721.11171566963,120847.96655359442
2023-07-13,144200.4582387541,142762.45200919764,135822.93526846875,135560.6296651745,121871.567375399
2023-07-14,143767.29800123244,142333.61136349672,135896.65733784804,135634.20936013194,121746.72127243275
2023-07-17,144911.07708335304,143465.98436920525,136147.81871526034,135884.8856866469,122216.10145283022
2023-07-18,146525.29064975772,145064.10055844017,136965.53989891874,136701.02766096205,123085.94708145515
2023-07-19,147090.51656902823,145623.6898909554,137304.79355820862,137039.62614271807,123376.17270826189
2023-07-20,143226.32501324726,141798.03310543302,133446.34620497914,133188.6303466116,122542.53271338662
2023-07-21,141202.22516872457,139794.1181356411,132474.37602608066,132218.5372676569,122582.24807693856
2023-07-24,141107.06877704282,139699.91066940446,132534.66058447387,132278.70540257992,123076.76372828834
2023-07-25,142466.82902080228,141046.11101380497,133586.7157507482,133328.72880621752,123423.18461535011
2023-07-26,142120.96354185452,140703.69459957856,134417.1451653223,134157.55446890573,123403.99985169413
2023-07-27,143293.8526496587,141864.88733786906,134953.41099845123,134692.78464827995,122611.17036162487
2023-07-28,147285.07949967284,145816.31258708393,138667.0796025918,138399.28129665533,123822.3042273376
2023-07-31,146038.8084297072,144582.46967153758,138257.6981164784,137990.69042118127,124004.1636478812
2023-08-01,146457.88147841295,144986.87626840544,137875.3637293539,137599.52900108683,123673.68168413198
2023-08-02,143176.87499767778,141738.82381908537,134611.86713975258,134342.56139295577,121962.0946542461
2023-08-03,142552.23212692607,141120.4547856171,134406.43252981713,134137.5377774016,121651.33842754341
2023-08-04,140121.07880894467,138713.71967689134,135127.15035271225,134856.81372555232,121006.57731281628
2023-08-07,140635.94840870748,139223.4179887994,136643.65365547797,136370.2830977802,122098.55189340026
2023-08-08,139742.64462998163,138339.08644495334,135604.25172853406,135332.9606079476,121583.50564215455
2023-08-09,137615.98029041148,136233.78206424552,133623.49307497728,133356.16467847864,120727.7121272116
2023-08-10,137739.0666336529,136355.6321431742,133849.2574773361,133581.4774144854,120757.98024813789
2023-08-11,136873.76084600852,135499.01738198075,133285.71395427576,133019.06132181105,120628.80635804706
2023-08-14,138467.46199738796,137076.71159216177,134980.97964146858,134710.93544478586,121322.4793839659
2023-08-15,136919.67244570886,135544.46785113847,133227.44171324195,132960.90566076175,119921.09441291918
2023-08-16,135292.56581919058,133933.703686362,131611.42548122333,131348.12244576792,119015.04315054459
2023-08-17,132751.32768780063,131417.9894427506,130189.07308611105,129928.61562201657,118097.09047357735
2023-08-18,132467.74237884767,131137.25243026856,129395.7090593112,129136.83880662874,118079.52863009307
2023-08-21,134549.92019132728,133198.5171011719,131100.17185083363,130837.89163412119,118891.81996775007
2023-08-22,134615.01468545443,133262.95779408986,131203.30551044742,130940.81896358139,118561.60189345964
2023-08-23,137308.17493959566,135929.06827306544,133650.53098052967,133383.14849174704,119871.10055494634
2023-08-24,133937.892614301,132592.63665494788,130451.66847157397,130190.68565672188,118257.87832083442
2023-08-25,134692.53633391278,133339.70082450716,131220.34352846042,130957.82289517793,119052.3307310754
2023-08-28,135971.63905242685,134605.9563903513,132126.15891771324,131861.82610178262,119798.14831405642
2023-08-29,138886.21588115106,137491.25956267174,134847.32894051043,134577.55212665658,121536.21665113457
2023-08-30,139417.62804263728,138017.33428481827,135431.41269310162,135160.46735588854,122002.08710172978
2023-08-31,139555.64299074598,138153.96302751638,136114.58252756344,135842.270434459,121807.25751428532
2023-09-01,139956.3783488426,138484.69239461585,136384.54805734538,136104.28094059404,122026.40451535975
2023-09-05,141334.5184694632,139848.3409323418,137026.65994995984,136745.0733080032,121514.60410445747
2023-09-06,139941.77810461127,138470.24567660902,135258.3068247223,134980.35410786106,120667.45296929078
2023-09-07,138768.4370384989,137309.24266601715,134841.4971844238,134564.40100180916,120279.95768796418
2023-09-08,139485.42482452106,138018.69109680242,135520.5514465305,135242.059822989,120451.5518085598
2023-09-11,141944.65563690418,140452.06231287785,137954.62429074052,137671.13070335687,121261.40216872274
2023-09-12,139433.42528335782,137967.23834739858,135771.19472249356,135492.18803277126,120570.71109368853
2023-09-13,140527.96340520022,139050.26705181188,137125.42957684366,136843.6399655702,120720.41558367532
2023-09-14,142361.27149108864,140864.29731848548,138431.38606667003,138146.91274477672,121738.07889265649
2023-09-15,138959.48247129342,137498.27919515627,135577.46904161997,135298.8604537266,120257.79097342354
2023-09-18,139645.51218010366,138177.0950827849,136197.18854686254,135917.3064496061,120344.53143853665
2023-09-19,140096.0174419432,138622.86313811783,136056.84418406634,135777.25049125508,120085.66907391029
2023-09-20,137087.351268482,135645.8340490159,133065.5483447919,132792.10169629147,118957.48885957664
2023-09-21,135615.07468924954,134189.03892756306,130538.65469071038,130270.4007506865,117006.47492370626
2023-09-22,135895.14484688445,134466.16405816848,130682.76808328203,130414.21799354328,116737.87503804955
2023-09-25,136568.16243155242,135132.1046482901,131670.74844629728,131400.16807958292,117207.51910790586
2023-09-26,134530.3206495136,133115.69142251246,128901.92087405037,128637.03038446292,115480.52093362507
2023-09-27,134380.20185826218,132967.15117822803,129015.80906463588,128750.68453743008,115507.00224081734
2023-09-28,135727.7788662319,134300.55798418005,130050.20760042526,129782.95740796393,116187.70509983531
2023-09-29,135392.61738948032,133968.92083724862,129890.77392775695,129623.85136783456,115872.88497546686
2023-10-02,138287.75564911592,136771.21622409328,132481.22367058627,132202.64889018438,115882.08152310662
2023-10-03,135526.03191307446,134039.7790662602,129761.55954877075,129488.70353978801,114289.38988889066
2023-10-04,137869.3155685769,136357.36498713025,131836.2882570377,131559.06961402815,115216.24883509296
2023-10-05,137786.66947111173,136275.6252321286,131744.2291281951,131467.20406244043,115066.00337171562
2023-10-06,141395.9950712868,139845.36898686324,134613.38034375262,134330.32217271958,116425.49589117515
2023-10-09,142506.9701643635,140944.16051733197,135533.20111595886,135248.20879257936,117159.42525403648
2023-10-10,142758.68466896663,141193.11458252894,135803.49276588016,135517.93208696367,117769.59046071273
2023-10-11,145011.79962115595,143421.52063957378,137841.0314249172,137551.1863133183,118275.17627485986
2023-10-12,143905.932079074,142327.78064789242,137347.25989945966,137058.45306551596,117536.37815148337
2023-10-13,141384.77367805893,139834.2706535922,135124.68088262324,134840.54757481697,116946.47965524426
2023-10-16,143616.89726949247,142041.91555266397,136977.37627068628,136689.34720922844,118185.45385886215
2023-10-17,144049.9389727397,142470.2082829268,136840.4277697463,136552.68667663235,118173.84272267422
2023-10-18,142102.6031908496,140544.22805397867,134840.93408987354,134557.3974303944,116590.33444162508
2023-10-19,141568.67020807276,140016.15047332982,134536.35328967115,134253.45708721058,115601.31633339847
2023-10-20,139530.94626034907,138000.77332478247,132315.42972405127,132037.20356672947,114146.4409690496
2023-10-23,141026.68948948965,139480.1134127624,133478.20820429095,133197.53701550871,113954.03916462626
2023-10-24,141595.933731012,140043.11500951345,134385.47128541014,134102.8923499557,114782.00553613696
2023-10-25,137627.4991401691,136118.20045039273,129652.32439417021,129379.69807931593,113136.0742036047
2023-10-26,132946.62517013817,131488.6595133248,125961.62139135333,125696.75569909938,111797.38936797288
2023-10-27,134753.16886788604,133275.3916613964,128694.30897612647,128423.6971273777,111260.73057005006
2023-10-30,137550.47387829283,136042.01988981204,131608.87290138757,131332.1324558237,112596.97442818784
2023-10-31,137384.59289117882,135877.9580446433,131629.46225274977,131352.67851294484,113326.035030534
2023-11-01,141016.15593945008,139448.34639450378,134943.32508654392,134652.31724117405,114516.63829635076
2023-11-02,141685.22301312332,140109.97481877316,136020.16969426553,135726.8396130319,116676.25684941583
2023-11-03,143194.99942923916,141602.965627168,136999.53171262317,136704.08961858257,117772.28213319267
2023-11-06,144371.06956443505,142765.96028196093,138262.03061125232,137963.86591434097,117978.73605129801
2023-11-07,145825.19350493324,144203.9173557745,139976.913257702,139675.05038376938,118313.80969163065
2023-11-08,146605.37699971037,144975.4268151422,140493.59613353157,140190.61902315682,118432.70508730056
2023-11-09,145972.52990370325,144349.61567690177,139659.22510606973,139358.04733267432,117475.31413071314
2023-11-10,149425.58537088975,147764.28027118,142813.76800713624,142505.7874020174,119309.86045393473
2023-11-13,148824.52022567863,147169.89773382698,142072.72844149146,141766.34590228062,119210.13662744786
2023-11-14,151051.98238650893,149372.59509793247,144341.50907021505,144030.23386245643,121484.07209407237
2023-11-15,150695.35610080193,149019.93376284398,143824.50693380664,143514.34665098166,121678.08362419449
2023-11-16,152456.72817151682,150761.72299976036,145140.30181482658,144827.30399533184,121822.93254813906
2023-11-17,151402.03848365095,149718.75929143614,144839.5160486549,144527.16687938184,121979.11552433978
2023-11-20,153616.33604162038,151908.43841598133,146521.5289860839,146205.55252394182,122880.57511013097
2023-11-21,152559.79853402133,150863.64743187794,145505.93424306958,145192.14793029387,122632.2419349114
2023-11-22,154384.54805188402,152668.1094891147,147254.71228877958,146937.15470290987,123130.26731606344
2023-11-24,153331.24085157385,151626.51289792874,146354.26016451677,146038.6444207676,123203.76053034392
2023-11-27,152884.85329427422,151185.08825192403,146246.4997751545,145931.11641873315,122963.0009825924
2023-11-28,154347.51179497535,152631.48499918904,147063.78704490117,146746.6411929487,123083.51929843404
2023-11-29,152164.54040896727,150472.78376401955,145401.74801801046,145088.1863848093,122967.05168578523
2023-11-30,150894.09656922525,149216.46464612233,144487.24713539428,144175.65764072808,123432.36796851693
2023-12-01,150172.9685660214,148427.43453987487,144181.96196873102,143867.7780684569,124157.37786767025
2023-12-04,148136.33334337705,146414.47212675092,142075.14135978336,141765.54838827078,123485.87155629206
2023-12-05,149188.17263433803,147454.08537403747,143565.67714471434,143252.8361778214,123415.62418235501
2023-12-06,148169.21662401324,146446.97318889742,142362.10725247877,142051.8889595863,122933.5377245155
2023-12-07,150591.22445826343,148840.82883885875,145603.59000639818,145286.30826617574,123913.09539564353
2023-12-08,152282.1629435195,150512.1127172284,146300.72967911302,145981.9288163983,124420.58121389414
2023-12-11,150093.34937716735,148348.74080388102,144359.22728723168,144044.65711180642,124908.86907401583
2023-12-12,152315.42070307766,150544.98390554474,145763.18123306127,145445.55173093188,125483.36962033299
2023-12-13,153048.16717941812,151269.2133104095,146582.69768967672,146263.2823963626,127196.30248645884
2023-12-14,151537.88996146107,149776.4907848717,145404.91931457486,145088.07049350522,127532.99904696322
2023-12-15,152576.4826875732,150803.01143862592,146491.73535196882,146172.5182727839,127523.27472040581
2023-12-18,154458.55488552822,152663.20738886096,148748.128342002,148423.9944040056,128100.74402313467
2023-12-19,155652.63111786594,153843.4042878322,149591.35043014874,149265.37904452137,128852.23522948025
2023-12-20,154676.41875795083,152878.53892270086,149011.77846168977,148687.07000922723,126960.13461529072
2023-12-21,155992.8260435778,154179.64496116416,150430.27996203047,150102.48048259178,128268.01035660571
2023-12-22,155835.5416289217,154024.18874035802,150433.70640328212,150105.89945735692,128480.94276092498
2023-12-26,155984.25546727082,154171.17400486674,150487.88572080614,150159.96071386235,129024.63421292527
2023-12-27,156372.85992823786,154555.26152569597,150458.50206093225,150130.64108330765,129209.19850042176
2023-12-28,156694.23009033507,154872.89624486835,150636.86466947908,150308.61502562152,129257.02846483231
2023-12-29,155809.47917254467,153998.42922068687,149747.37714897576,149421.065768786,128891.68670357336
2024-01-02,152052.65005141663,150195.6534070275,146892.7517808168,146566.9923398314,128162.08512783662
2024-01-03,151190.48305651144,149344.0159307851,146374.05009425752,146049.44096170738,127134.69749229806
2024-01-04,150208.1240865342,148373.654366379,144711.23856799217,144390.31700032655,126698.83127317032
2024-01-05,150804.6315654243,148962.87678719035,144981.79356113396,144660.27199215957,126930.14357829619
2024-01-08,154089.14264086218,152207.27461209637,148211.25943957912,147882.57598557984,128721.71550314946
2024-01-09,154189.781604316,152306.68448669597,149029.28525342897,148698.7876892806,128531.4775922884
2024-01-10,157276.56845460535,155355.7728633251,151602.2225458013,151266.01905944853,129259.73333178517
2024-01-11,157284.40118253673,155363.50993130266,151832.28604082976,151495.5723498915,129172.9928666721
2024-01-12,158307.53436250892,156374.14773627595,152609.1100440378,152270.6736149116,129269.99863173316
2024-01-16,156500.195863378,154588.88199633092,151479.3228633461,151143.39192775823,128787.64828443484
2024-01-17,156111.05222723665,154204.49091416516,150840.3195104799,150505.80567255334,128064.26130545323
2024-01-18,159548.79164548925,157600.24572667875,153556.6894514127,153216.15160520296,129191.90054639631
2024-01-19,162115.26747461077,160135.37756409097,155998.58377521834,155652.63061667886,130782.70537098173
2024-01-22,162298.80859086645,160316.67711969724,155853.69829879006,155508.06644822005,131069.68515744504
2024-01-23,163527.03269371355,161529.90110227827,157003.63217496287,156655.4501521609,131452.58876218824
2024-01-24,164562.69193304758,162552.91198769328,158178.16845289888,157827.3816978914,131559.3188538067
2024-01-25,165183.17621018348,163165.81838164103,159373.76490779853,159020.3267160927,132251.3689595538
2024-01-26,164958.15896220805,162943.54923620954,159446.54567052613,159092.94607520924,132165.1694678313
2024-01-29,166498.2714478252,164464.8525546283,161087.31826840783,160730.07998324555,133163.9119026153
2024-01-30,164896.79020905463,162882.92997060952,159457.10554650315,159103.48253288108,133083.9270076479
2024-01-31,160889.95886979505,158925.03347299277,153990.0106903109,153648.51188120252,130940.5112673542
2024-02-01,163186.18713964664,161100.32342836293,156290.093036017,155934.1368812915,132576.4411893973
2024-02-02,176417.68782225705,174162.69762053047,165784.23823924878,165406.6588366686,133992.9470264342
2024-02-05,173670.78170555245,171450.9027585685,164416.61452471826,164042.14993299445,133566.0002710145
2024-02-06,173222.119099998,171007.97500756235,164166.70125907,163792.80585355195,133874.59260415487
2024-02-07,176719.57064757936,174460.72174652637,166612.41354792425,166232.9479471047,134977.91443146797
2024-02-08,176543.38091847693,174286.78409383236,166411.7988636521,166032.79016979452,135054.93057002366
2024-02-09,177684.55742913473,175413.37396138345,168484.31009456288,168100.58118386974,135830.46210606745
2024-02-12,176558.24978225862,174301.46290216918,167110.7414377984,166730.14087777556,135701.5652999084
2024-02-13,173336.06350188318,171120.46295962686,164112.6339736833,163738.8617082993,133845.9474034003
2024-02-14,175781.61876114775,173534.75886380355,165947.0927209582,165569.1424115984,135128.15989484533
2024-02-15,176716.45992500367,174457.65078554724,165588.81505378408,165211.6807343457,135914.77478815944
2024-02-16,174447.2567360602,172217.45280022002,163737.96913898736,163365.0501858721,135261.91226704663
2024-02-20,173760.68284201302,171539.65476885956,163039.73351072377,162668.40481367978,134449.62092938967
2024-02-21,173480.84846544685,171263.39726593372,163479.02797366836,163106.6987681162,134619.59212981357
2024-02-22,178237.6876116309,175959.4339733247,167514.3289067181,167132.8091621152,137463.14618776712
2024-02-23,177413.41949942498,175145.70174637812,166990.1258250978,166609.79997135265,137510.97615217767
2024-02-26,176260.02997823467,174007.05497633235,164908.12392248955,164532.53990091677,136990.2562775674
2024-02-27,177259.72297371313,174993.96978648615,165620.7493338031,165243.54228292473,137224.00956018732
2024-02-28,176541.73138506847,174285.1556449405,164572.59681524467,164197.77696839708,136996.47087432252
2024-02-29,178403.4658647026,176123.09323061453,166574.45616298364,166195.07701143617,137712.83839369958
2024-03-01,180511.389406329,178085.11457190165,167308.13128541104,166905.49870516005,138815.61924762215
2024-03-04,179476.7063638134,177064.33882596117,165109.06073506095,164711.72029119948,138649.9758343228
2024-03-05,175627.2510322289,173266.6244766382,161845.45706650763,161455.97059337606,137236.7026431564
2024-03-06,176061.63233868635,173695.1672128211,161594.48597012405,161205.6034672797,137942.250694722
2024-03-07,180127.9927304291,177706.87117585517,164575.39808060264,164179.34191366125,139363.62529227405
2024-03-08,178612.2259595426,176211.47800456898,164205.71051243923,163810.54401092124,138453.78721616542
2024-03-11,174817.0202218748,172467.28407398472,162826.10934885897,162434.26290340725,138298.4091028141
2024-03-12,179392.64672477666,176981.40904242807,165725.79062497953,165326.96600013424,139847.5985597441
2024-03-13,179139.48932917995,176731.65436518673,165571.01471469205,165172.56256322053,139578.45770069683
2024-03-14,180920.53939629922,178488.7651286924,167685.73139926206,167282.19011178342,139177.71516853763
2024-03-15,177444.48767787573,175059.43543060965,165103.4425810615,164706.11565747444,138275.43752542412
2024-03-18,179559.42897874065,177145.94955648325,167829.42579466398,167425.53870184554,139149.06996778306
2024-03-19,180448.64501622194,178023.21353652814,168654.75247854413,168248.8792096222,139935.1438877066
2024-03-20,182892.09027740138,180433.81616231488,170906.09282584896,170494.80163153334,141181.15074540197
2024-03-21,183605.38742059184,181137.5257946359,169771.98804411324,169363.42611065923,141638.08853781622
2024-03-22,184084.55598005155,181610.2537930812,170911.1171374047,170499.81385191632,141439.48533111069
2024-03-25,182507.33124976614,180054.2287260631,169717.9715340392,169309.53959311257,141007.39273124404
2024-03-26,181074.48402854695,178640.64057301605,168804.37171264103,168398.13838005805,140612.60090638112
2024-03-27,181239.7500554675,178803.685239814,169648.6874394957,169240.42223304597,141826.1757495879
2024-03-28,180179.81799110773,177757.99984710422,168809.50241113792,168403.25673135841,141984.52261935093
2024-04-01,181995.58981841162,179521.4450789973,170364.62775330633,169945.8447028034,141698.62477966878
2024-04-02,182183.54541940655,179706.8455116944,170037.28407850146,169619.30569023686,140672.86006430196
2024-04-03,183739.12159854954,181241.2743618047,171171.2598944158,170750.49401524037,140826.35136802276
2024-04-04,182912.1636117479,180425.55848122557,169659.15666091637,169242.10776931723,139089.35178325282
2024-04-05,187479.2278746815,184930.5356461587,172953.18503501767,172528.0389035798,140633.13150627707
2024-04-08,186544.60444736484,184008.61798626385,172641.7206090112,172217.34010612057,140580.4459758243
2024-04-09,186775.0420102607,184235.9228585018,173335.44979832094,172909.3639999711,140783.6540535862
2024-04-10,186743.12713589033,184204.4418518895,172874.22016947833,172449.26814609984,139452.26576149062
2024-04-11,189011.0580049327,186441.54126378178,176221.59400775176,175788.41361299332,140490.45967036774
2024-04-12,185920.44123278666,183392.93997803284,174329.76094152112,173901.23096999296,138446.22678317034
2024-04-15,182353.49270185488,179874.48244049476,170983.73103808353,170563.42613433214,136781.9155498315
2024-04-16,182227.83226431758,179750.53029770678,170215.73452485466,169797.3174773257,136500.6225812057
2024-04-17,180727.57860255297,178270.67188128163,169193.01588470893,168777.11284045386,135711.56671039754
2024-04-18,180264.25429089813,177813.64624647642,168662.26308079652,168247.66471041192,135411.89384096517
2024-04-19,175557.0331862404,173170.41760638868,165117.40431752414,164711.51976752622,134225.8822517318
2024-04-22,176745.67454191946,174342.89993997198,166452.85275432214,166043.68546202304,135397.84172728317
2024-04-23,180252.34189454358,177801.89579356677,169066.397704586,168650.80590773257,137017.8195315408
2024-04-24,179527.42121932027,177086.8300751415,169065.04947500824,168649.46099231517,137047.00570568594
2024-04-25,170451.7084740801,168134.497390745,163561.69966930425,163159.63928601777,136419.819628916
2024-04-26,174653.98921447093,172279.65009414466,168844.11150789753,168429.0661254774,137812.54902571352
2024-04-29,172574.49965364934,170228.4302192133,167555.93806233018,167144.05921284723,138250.57913840355
2024-04-30,168727.26745548003,166433.49933952047,163855.28828258262,163452.50621230813,136075.82652487533
2024-05-01,171561.93219029863,169080.32068357882,165782.96205867137,165362.10073571463,135608.34634858134
2024-05-02,174733.48739519157,172205.9999310832,168561.17993035942,168133.2657448261,136846.2386054181
2024-05-03,176994.26120407585,174434.07206642843,172481.89540437845,172044.02797949626,138564.58120544968
2024-05-06,179841.36623018552,177239.99424676673,174424.34273723644,173981.54416053908,139995.41624010034
2024-05-07,181107.20144134716,178487.51938654177,175043.9772686031,174599.6056701345,140183.4902573991
2024-05-08,180852.79478633156,178236.7926765723,175023.77222350246,174579.45191813362,140182.67220007678
2024-05-09,181938.92093592923,179307.20821300434,176138.18749799993,175691.03810645166,140896.33485250096
2024-05-10,180957.05904359592,178339.5487707071,175514.62003057371,175069.05364505955,141128.729104408
2024-05-13,179824.78145720047,177223.64936944473,175355.37048027175,174910.2083701764,141094.67416974768
2024-05-14,180883.60937131522,178267.16153430348,176443.72442377624,175995.79938753444,141777.2638383962
2024-05-15,182496.15329830235,179856.38031267977,178470.77495960746,178017.7039954632,143438.31603691867
2024-05-16,181143.2547437708,178523.05118463747,177578.84371295277,177128.03703073348,143139.72511426744
2024-05-17,181897.75183073903,179266.63461127965,177997.15191656366,177545.28330529094,143306.4504743479
2024-05-20,181447.3723309685,178822.7697673815,178377.18468575575,177924.3513125315,143437.7750635281
2024-05-21,181125.17900736755,178505.2369104064,178735.03979987185,178281.2979655194,143796.63833857307
2024-05-22,181055.83510650476,178436.89605619916,178520.76743461678,178067.5695581596,143407.50694260182
2024-05-23,179141.77924494116,176550.52665741852,176337.86114806347,175890.20485933183,142349.04632328756
2024-05-24,181123.53056179578,178503.61230929388,178382.9852546988,177930.13715598598,143345.6380589822
2024-05-28,182234.80835655506,179598.81567700848,179073.9398292276,178619.33765366196,143381.3027193413
2024-05-29,181338.84139395875,178715.80871023194,178486.17970418345,178033.0696331184,142325.00599358932
2024-05-30,178264.83044136147,175686.26275551826,175630.63426816819,175184.7733656247,141474.6090180792
2024-05-31,177405.64219636723,174839.50250901995,175376.8172436023,174931.60068814625,142610.34966540796
2024-06-03,179482.98665379453,176833.5663474768,176880.41512548534,176423.98207028618,142769.51459249333
2024-06-04,179942.9521002806,177286.74205964405,177441.55733991633,176983.67627898318,142984.06991698433
2024-06-05,183612.72542317313,180902.34438759982,180462.5054900798,179996.82898953964,144678.09510338597
2024-06-06,184753.64986158782,182026.42718307406,181162.2285962191,180694.74648732538,144649.18601317256
2024-06-07,183750.9123233858,181038.49145559044,180884.47921500867,180417.71382762736,144487.87038699785
2024-06-10,185990.72182803942,183245.23823438605,181961.96821301957,181492.42240704325,144860.7725812519
2024-06-11,187617.60428578133,184848.10562808267,185655.55384588835,185176.47688535287,145253.4005125525
2024-06-12,188468.65940354546,185686.5979801338,187717.20945420943,187232.81247128817,146488.58790243638
2024-06-13,186272.21269229532,183522.5738991676,186474.780474193,185993.58953109707,146832.0532275594
2024-06-14,186845.75144334882,184087.64641483116,186579.2772360457,186097.8166431062,146774.22185265968
2024-06-17,187670.66021103086,184900.37837355374,188188.8487600598,187703.23473019092,147899.1562266499
2024-06-18,185602.60457607888,182862.8501367468,186359.94837092474,185879.05374762032,148272.05842090395
2024-06-20,186978.30003322865,184218.23840184772,186531.36090786202,186050.02396115012,147897.5333064782
2024-06-21,187955.90521955877,185181.41276617898,187226.37137597663,186743.24098169093,147666.49808528408
2024-06-24,187482.37565294487,184714.87315929786,186696.06479463013,186214.30283592248,147213.87488552145
2024-06-25,190937.27974471293,188118.77802697362,189154.31357165193,188666.20819725894,147792.95391394908
2024-06-26,193067.3411118299,190217.39670448,191623.4077544112,191128.93097818372,148025.34816585612
2024-06-27,195479.50914716788,192593.9577606038,193475.49599106348,192976.2399729298,148159.65470592093
2024-06-28,191016.49531978925,188196.8242691951,189610.26003081247,189120.97810425443,147554.62214921866
2024-07-01,192640.85301562404,189713.7313321292,192528.350873727,192028.50020760187,147949.41397408157
2024-07-02,194636.00399551322,191678.56657367077,194758.89179110134,194253.25009545608,148866.0076203359
2024-07-03,194821.32571112053,191861.0723797569,194798.19035732708,194292.4466329966,149622.90856058724
2024-07-05,201396.39358214987,198336.2340084993,199957.33744161561,199438.19931020163,150438.16865465592
2024-07-08,199271.65535264454,196243.78055787642,198849.16145712917,198332.90042148586,150591.11898498613
2024-07-09,198837.15116118453,195815.87853112075,198486.07045411767,197970.75209148275,150702.71783711977
2024-07-10,200914.66255215267,197861.8227412702,200728.66413172544,200207.5234476583,152241.1010207112
2024-07-11,194483.73513497825,191528.61139414593,195022.6816384501,194516.35507987262,150907.00786166283
2024-07-12,192376.72977839626,189453.62137060438,194205.70045978506,193701.49498407415,151739.56590975693
2024-07-15,192487.44839502152,189562.6576500804,194688.3073734401,194182.8489321988,152168.41266928014
2024-07-16,190371.96656245308,187479.3199481375,193423.61425371203,192921.4392649881,153140.67379687188
2024-07-17,184558.7270287414,181754.41089689673,188151.6279257991,187663.14030242086,151007.80044045788
2024-07-18,184444.4203709107,181641.84109545688,186567.01069904075,186082.6371293733,149827.4624745891
2024-07-19,184245.2786376239,181445.7252628369,186256.60858888997,185773.0408989842,148757.6546085457
2024-07-22,187520.72686424255,184671.40400714058,188207.246906636,187718.61488278632,150363.0525202037
2024-07-23,188271.5554423508,185410.82396357195,189437.79878268013,188945.97194532817,150128.77145866613
2024-07-24,179372.82443490514,176647.3065833488,181855.3424178274,181383.20149087583,146653.4264528863
2024-07-25,175429.5400260882,172763.93923322708,178878.12984987075,178413.71849458246,145899.24357406076
2024-07-26,177756.52526888475,175055.5666126487,180931.68654789214,180461.94365738434,147517.33456868786
2024-07-29,178872.763399863,176154.84383016554,181770.81582775942,181298.89435249977,147637.3119111389
2024-07-30,178386.75967098962,175676.22478647588,181224.69156554728,180754.18796238292,146905.00546844932
2024-07-31,180589.69491810616,177845.68707379067,183597.33815355875,183120.67457981282,149225.13478483973
2024-08-01,181388.22721952124,178483.32495203763,183906.64840068854,183419.3928962546,147181.71995496462
2024-08-02,173511.6060872824,170732.8465961955,178602.55804410554,178129.3555782362,144476.24605633697
2024-08-05,167267.40595547462,164588.64629017335,171783.73457696772,171328.5983925353,140146.4665663271
2024-08-06,169444.59659453726,166730.96958353717,173230.9133813266,172771.94293726052,141597.55511694198
2024-08-07,169313.92143987367,166602.3871697251,173459.88305898843,173000.3059661864,140502.34789048746
2024-08-08,173265.80548395755,170490.98244862029,177268.84905754542,176799.1802162115,143739.88891045452
2024-08-09,175056.80603168186,172253.30042067857,179249.9925871302,178775.07476160643,144411.39522183273
2024-08-12,174675.96210385687,171878.55564496756,179110.6241533441,178636.07558057492,144417.60981858787
2024-08-13,178053.95365857735,175202.44922719407,182409.16972883258,181925.8817521198,146850.6970178248
2024-08-14,177388.9504702938,174548.09595428343,181759.35870458873,181277.7923839507,147412.21420276817
2024-08-15,181559.2009757917,178651.56059205942,185175.94887459654,184685.33039417412,149790.45197799004
2024-08-16,180577.7402772584,177685.8178232524,184655.9007388689,184166.6601113893,150088.5019272507
2024-08-19,182118.94167662377,179202.33713873455,186064.2669961187,185571.29494175993,151547.70507872416
2024-08-20,182509.29354825593,179586.4375901152,186496.01475493645,186001.89879700574,151246.95026251063
2024-08-21,183384.5543691018,180447.68125459933,187028.54541198062,186533.01852901714,151888.18845296258
2024-08-22,180549.62230500884,177658.1501556483,184493.47631996046,184004.6660314211,150531.40080045591
2024-08-23,180991.93398798245,178093.37829064034,185249.2609985178,184758.44827968028,152260.00870043546
2024-08-26,179651.3764727717,176774.28958090456,184296.4885384089,183808.2001634692,151779.82224669945
2024-08-27,178425.26006104145,175567.80921942537,183527.56033509137,183041.30921384986,152021.94082516388
2024-08-28,176763.47870385577,173932.6410140773,181961.02361964085,181478.9229934692,151113.46177976814
2024-08-29,177418.7070782287,174577.37601509513,182870.40309691313,182385.89309533403,151107.51107247183
2024-08-30,180512.08670770552,177621.21568468813,184927.47931307048,184437.51914577917,152632.64700523068
2024-09-03,176700.5933685447,173627.46118674809,180732.02444025085,180240.75133018557,149404.30253290338
2024-09-04,176238.56538478113,173173.4686772222,179632.54359611822,179144.2591394221,149164.8756269189
2024-09-05,177113.25945486897,174032.95028851312,181250.4077560269,180757.72555543363,148714.69340465034
2024-09-06,173532.85742587034,170514.81770914866,176450.75675697374,175971.12116215407,146147.84063873914
2024-09-09,174710.2479420213,171671.73134620854,177517.67442473432,177035.1386910906,147840.24290496905
2024-09-10,175824.95674632268,172767.0534159522,178988.89507412733,178502.3602089171,148501.4839163993
2024-09-11,178658.1172375357,175550.94029401112,182280.48735674378,181785.0051520526,150085.25608690723
2024-09-12,181044.0376234112,177895.36535391593,184940.34241819993,184437.63008773324,151210.19046089746
2024-09-13,181428.27630400765,178272.9214522283,185667.73285112742,185163.04329852026,152027.8915324602
2024-09-16,181260.43479583855,178107.99900126416,185191.09309433852,184687.69916322635,152218.93430617062
2024-09-17,182344.40438021292,179173.11645984583,186518.6417688981,186011.6392412014,152259.20383758607
2024-09-18,182787.80569281845,179608.80624858354,186897.3108197756,186389.2789785254,151818.1917740114
2024-09-19,188407.11515650488,185130.38609844624,191660.01693525902,191139.03891331435,154395.5869238023
2024-09-20,188111.42082037867,184839.83440368302,192095.49252969344,191573.3307803474,154095.900859897
2024-09-23,187856.72576944195,184589.56894487533,191955.34558163513,191433.5647854005,154528.79832261303
2024-09-24,187317.47016064066,184059.69193370084,191755.52284318014,191234.28521320774,154916.84777180318
2024-09-25,188072.8732106974,184801.95720431325,191730.69247310318,191209.52233804858,154628.50895462697
2024-09-26,188155.8998016598,184883.53981773282,191809.33479129485,191287.95088750526,155253.003358917
2024-09-27,187650.865478845,184387.28892456455,191142.7162553719,190623.14438109056,155058.43766093135
2024-09-30,189753.32857585847,186453.18651332875,192637.96429293515,192114.32797486745,155715.35088523699
2024-10-01,187218.6643577787,183912.77911217298,190942.7002742694,190417.13470470978,154263.4442772998
2024-10-02,186528.14768455407,183234.45550148137,190132.85986227792,189609.52336058408,154284.79293451807
2024-10-03,187213.9760685603,183908.17360821646,189987.90061268266,189464.96310812497,154025.3764020282
2024-10-04,189182.72686039543,185842.16042917653,192237.72455594048,191708.59446061892,155407.02244155543
2024-10-07,185441.69257839507,182167.18489232636,187929.41383318047,187412.14226806507,153917.28727969681
2024-10-08,188205.86113249455,184882.54408187498,190335.0287293073,189811.1357622676,155408.64536172713
2024-10-09,189326.04929447442,185982.95209250244,190965.63331057449,190440.00461833848,156514.13108260254
2024-10-10,188282.55372763294,184957.8824481517,190645.43756024784,190120.69019974984,156190.12760506725
2024-10-11,188715.7715930435,185383.45060323927,191572.11004137757,191044.8120353213,157135.36645207615
2024-10-14,190147.61796939606,186790.01360399573,192611.21162808486,192081.0535178378,158346.51351226182
2024-10-15,190365.26130451023,187003.81381859185,192864.90696861604,192334.05056754168,157141.58104883129
2024-10-16,188355.58459870802,185029.62374865974,191414.87737954213,190888.01215291835,157876.86944240553
2024-10-17,188512.38894934213,185183.65926643743,191153.5055163172,190627.35970998008,157849.8471618227
2024-10-18,189486.8435069927,186140.9070196505,192138.45378003042,191609.59692532927,158476.75615466086
2024-10-21,189842.18479286117,186489.97373071554,192518.06679896123,191988.16506780122,158187.88955856705
2024-10-22,191462.94702135434,188082.11672962393,194037.0682121239,193502.98546308928,158112.77342411483
2024-10-23,187352.47313006423,184044.225104831,190120.17123734884,189596.86966081517,156659.50778546472
2024-10-24,187838.5788483316,184521.7472252646,190707.03978086202,190182.12286161093,156995.66337257854
2024-10-25,189192.27558844644,185851.54054690606,192412.49775031878,191882.88659563588,156948.65146549031
2024-10-28,190208.78563617155,186850.10117927607,193384.95905614345,192852.67122317257,157364.7919475715
2024-10-29,192773.28718291223,189369.3190580941,196119.31510802248,195579.50102034945,157618.79874615563
2024-10-30,191817.14111125842,188430.05650177656,196984.5858785966,196442.39015221884,157098.61984493592
2024-10-31,184662.04865497438,181401.3078299828,190230.4996094277,189706.89435648418,154174.27602916557
2024-11-01,184381.04384360905,181001.29033701177,192466.90211206308,191930.01652072344,154805.2357251966
2024-11-04,182752.77390252333,179402.86701642646,190807.48163815108,190275.22499304917,154369.91047945945
2024-11-05,184830.76170937435,181442.76475484925,192988.97356000484,192450.6316526183,156263.35692988892
2024-11-06,186713.7639569743,183291.25107111162,196711.49326960332,196162.76740958059,160216.1835224519
2024-11-07,191563.93624785703,188052.5184156615,200868.80499562627,200308.4823325173,161406.78678826868
2024-11-08,190501.46375842523,187009.5213291614,199479.17703573217,198922.73073380947,162013.1651812109
2024-11-11,189414.31431372484,185942.29962253713,198352.37757190672,197799.0744722168,162170.16621473397
2024-11-12,190063.9485956447,186580.02593552184,199637.8789653637,199080.9899650944,161701.06311826827
2024-11-13,189347.0498761325,185876.2681599518,200118.11547536842,199559.8868574307,161738.6145882579
2024-11-14,188975.65175948644,185511.6778694299,199340.1110925997,198784.05271452415,160760.13886391104
2024-11-15,184124.0240139398,180748.98174908667,193639.35743306016,193099.20128267157,158637.54400191794
2024-11-18,185694.29453747947,182290.46879685458,194680.20226319353,194137.14268065122,159259.05645532333
2024-11-19,187393.50650989646,183958.53376249413,196583.52209789195,196035.15321289946,159890.29323528608
2024-11-20,187464.93733277757,184028.65523941928,195957.57158894945,195410.94879019543,159893.80296508834
2024-11-21,184727.9171432843,181341.8053569719,192770.7292018927,192232.99608619954,160747.70967040074
2024-11-22,183923.10392905425,180551.7445827229,192225.6891634346,191689.4764345723,161305.17615215128
2024-11-25,186407.44148493485,182990.54357134612,194825.98812569084,194282.52187411534,161792.39525996477
2024-11-26,188749.252827079,185289.42888958668,198258.60340547838,197705.5618884203,162718.17225938593
2024-11-27,188099.94289946422,184652.0209854065,197068.43093274266,196518.70939665174,162099.64175686517
2024-11-29,189405.7432523779,185933.8856710212,198236.9470295101,197683.96592281916,163008.66177565148
2024-12-02,192980.02468159035,189325.53584021464,201730.25763104105,201157.69546957294,163407.78138763897
2024-12-03,196834.11519334602,193106.64091841519,204184.76225296082,203605.2335784462,163481.5516858512
2024-12-04,198221.740629595,194467.988704005,206447.45713282368,205861.50635045886,164470.84687800956
2024-12-05,198192.58232054117,194439.38256979542,206654.3555072051,206067.81749423922,164163.3232971774
2024-12-06,201444.00134444883,197629.2290316666,209455.92614145635,208861.43655317058,164572.98529304462
2024-12-09,201164.55788543142,197355.07743124675,209657.13369146592,209062.07302459687,163561.81366475034
2024-12-10,202263.0607589905,198432.7778072403,212074.7669041606,211472.84437475217,163077.0355344309
2024-12-11,205158.28911336552,201273.17883048733,216712.10596900128,216097.0214830792,164408.68771598526
2024-12-12,204895.13194295586,201015.00510302404,215826.35968683253,215213.78917581827,163518.5753769232
2024-12-13,203274.3425562453,199424.90882425418,214128.88951499615,213521.1368592805,163514.24758979862
2024-12-16,206163.9639915744,202259.80910744,217972.97571002727,217354.31255270148,164135.49615374516
2024-12-17,205829.44556783125,201931.6255043542,217686.87960856955,217069.02846528747,163501.27742289778
2024-12-18,198884.77439521652,195118.4665094854,209967.77520275617,209371.8328556809,158679.15936957335
2024-12-19,199807.55223636574,196023.76958178685,210666.93695662523,210069.0102093429,158541.88407309685
2024-12-20,200381.9619055327,196587.30157731991,211691.01684600805,211090.18349759476,160265.0954336436
2024-12-23,202439.1471076668,198605.5295849037,213486.82448697957,212880.8941763328,161432.9910115292
2024-12-24,205163.43619918986,201278.2284452509,216012.76218284285,215399.6626137821,163215.65666714738
2024-12-26,204382.24280291895,200511.82861403594,215230.28166671732,214619.40297786007,163149.44680193023
2024-12-27,202095.41600732662,198268.30776692426,212406.43541627433,211803.5715266435,161345.70957302555
2024-12-30,199508.42061277392,195730.30265422937,209889.98607673487,209294.26451513154,159618.9884826765
2024-12-31,197811.59669046215,194065.61171614795,208064.93246507464,207474.39087326342,158935.05297778803
2025-01-02,197711.94301095678,193910.95203958513,207846.70850695824,207246.89602026186,158581.59943664877
2025-01-03,199127.00400852563,195298.80864072865,209891.0868343528,209285.37459751312,160579.09750068974
2025-01-06,203770.66922804137,199853.1998927508,214190.5743003648,213572.45442769083,161468.39178242948
2025-01-07,200541.47100391577,196686.0826593218,210964.4791181339,210355.66924217565,159675.46082686333
2025-01-08,199658.67855038628,195820.2617963516,210417.78369172136,209810.55149166443,159924.6120594052
2025-01-10,197886.82535159835,194082.4722859207,208232.19147964282,207631.26655050227,157459.91090300202
2025-01-13,196107.45052234814,192337.3057475692,206798.6847265121,206201.89666947533,157707.98018876277
2025-01-14,193857.28045184453,190130.39495615507,205032.28963432676,204440.59911210468,157888.75766252523
2025-01-15,199472.76399116815,195637.9214246624,210825.91374630714,210217.50374793576,160780.14168488936
2025-01-16,195389.16436408547,191632.82856392302,207553.98704935866,206955.01931015262,160440.46317350035
2025-01-17,197234.9379494607,193443.11734941025,210064.37786095915,209458.1655338253,162043.4333021372
2025-01-21,196580.5852842396,192801.34454423568,210409.9868824264,209802.77718271888,163464.2669262987
2025-01-22,198555.01523930917,194737.8162944617,213741.4759999976,213124.6521534683,164467.60103766614
2025-01-23,200037.7461917133,196192.04190279183,214675.9866937613,214056.46599825568,165341.4973694839
2025-01-24,201273.80887689552,197404.34141497157,215434.8532740681,214813.14261051404,164869.4255166065
2025-01-27,203576.47171067694,199662.73580190033,214815.62016200717,214195.69650655857,162465.51129704175
2025-01-28,208556.14303017533,204546.67347254796,219771.3582960156,219137.13316985848,163963.09717030014
2025-01-29,208928.22928935298,204911.60641316444,219446.1889975774,218812.90225820974,163195.93093010082
2025-01-30,209781.93649672196,205748.90119072274,217939.18039576354,217310.24264312471,164056.85709501777
2025-01-31,210443.4720349731,206397.71877896113,219105.87849885898,218473.57384137248,163228.89072350707
2025-02-03,208958.192367211,204854.7803741718,217064.47356472767,216415.98696735018,161986.94776347745
2025-02-04,212635.34235137803,208459.7204048821,220496.55103056345,219837.81099925822,163157.2843188571
2025-02-05,207956.1078707246,203872.37429035894,216257.1353221657,215611.06067189891,163795.01277950677
2025-02-06,209362.91760665193,205251.55783045766,217664.65056067015,217014.37091659306,164391.9307353504
2025-02-07,205322.18705667337,201290.17703945044,213017.39349940818,212380.99767459137,162835.9989027476
2025-02-10,206633.7272528472,202575.96189332654,214489.85195571452,213849.0571172847,163929.04223563982
2025-02-11,207494.19060068612,203419.52791074215,215166.89309575368,214524.07557669826,163984.70971697723
2025-02-12,207813.96247040026,203733.02026726585,214984.89591434583,214342.6221173052,163538.03722451095
2025-02-13,209927.36237078067,205804.91832271227,217020.60248849497,216372.24695726795,165243.13257370994
2025-02-14,210830.2210675412,206690.04715129995,217377.12865111552,216727.70798733004,165231.24435359024
2025-02-18,208044.17554660662,203958.7125391565,215502.08906393434,214858.2701369134,165635.23272609292
2025-02-19,207252.92006558165,203182.9953205639,215635.40186087275,214991.1846578896,166028.94260417463
2025-02-20,205753.4168213058,201712.9385388864,214633.82033111784,213992.59538286692,165309.34243892707
2025-02-21,202210.50198880784,198239.59761995124,210812.05213745622,210182.2448358205,162488.48287443176
2025-02-24,200151.61546341487,196221.14243426739,208872.75424377885,208248.74065251736,161681.06029728995
2025-02-25,198058.93517294215,194169.55710783624,206734.3252299562,206116.70025923738,160924.43644097037
2025-02-26,198022.35804006184,194133.69825761346,206424.2645355671,205807.5658804327,160946.3260715792
2025-02-27,193797.37965160832,189991.68779108304,202167.87266071583,201563.8901034241,158392.98444595948
2025-02-28,196772.9086244788,192908.7848779643,205151.91114295006,204539.01368157472,160904.16973053323
2025-03-03,193002.06989178678,189146.62889539043,200628.3633092828,200010.41049543108,158072.78097663113
2025-03-04,191758.93055643953,187928.32271525453,200066.6861098116,199450.46331060067,156138.78791085444
2025-03-05,194319.67620153923,190437.91448543986,203715.79601722996,203088.33364202813,157881.18403505717
2025-03-06,190600.19056009685,186792.72989908754,199824.9058958251,199209.42780070833,155067.89809802992
2025-03-07,191687.3902158784,187858.21147626758,200033.61454109038,199417.49360518833,155923.9686969046
2025-03-10,183177.38311861732,179518.2016762417,192219.5038181044,191627.4510230642,151718.21725253866
2025-03-11,181748.42524268286,178117.78889715564,191551.76619514986,190961.77009008217,150570.03421722667
2025-03-12,183008.58603003158,179352.7765059767,193223.9347803971,192628.7882506066,151305.85038971854
2025-03-13,176520.60734489025,172994.40274694038,187728.72343719326,187150.50263642846,149204.0632115532
2025-03-14,180429.33903947842,176825.05297624852,191904.8663387314,191313.78265450144,152377.01728647485
2025-03-17,179866.60467081345,176273.55988160847,191123.28453868532,190534.60819439785,153354.68814797234
2025-03-18,176038.7757059144,172522.19625579484,187542.7062340422,186965.0583824468,151720.92211949153
2025-03-19,177949.25197904772,174394.50854161856,189826.75320590523,189242.07029092222,153359.27982455574
2025-03-20,177507.47858017794,173961.56008060605,189274.3055252931,188691.32419722984,153024.2061842231
2025-03-21,180168.36430704492,176569.29151786442,191599.15632071486,191009.01424993743,153150.39812342927
2025-03-24,184558.21661280858,180871.45141412565,195846.41219472286,195243.18820633818,155852.89007117233
2025-03-25,187073.72957568214,183336.71407756218,198200.55398600857,197590.07903609416,156098.25448998017
2025-03-26,183162.0035004583,179503.12928385695,194133.29881800877,193535.35136786688,154356.6764230998
2025-03-27,182270.34366766375,178629.28139409557,193437.87276539006,192842.06728799298,153846.22184843745
2025-03-28,175303.98348930935,171802.082368999,186044.64456537826,185471.61087405513,150809.72501266998
2025-03-31,176367.7251959508,172844.57459687753,185985.81916133998,185412.96665737918,151644.98792771698
2025-04-01,178311.8437161266,174659.83783407972,188417.20520452992,187830.20549777572,152218.39333278005
2025-04-02,179074.60397421502,175406.97599499795,189139.40670331937,188550.15703182577,153242.5483224481
2025-04-03,163589.46697544176,160238.9901748859,176441.15895538474,175891.46972475556,145826.27813869793
2025-04-04,154604.99175444958,151438.52604183022,168230.49810536386,167706.38857434856,137113.2155709031
2025-04-07,154851.47593855634,151679.96198196488,168728.45966522337,168202.79877222233,136793.53988049238
2025-04-08,150603.72231458046,147519.2066240433,165120.89579656336,164606.47399890237,134645.80954754702
2025-04-09,171487.82832068903,167975.58513664326,185334.20649364276,184756.81163872388,147457.8802736164
2025-04-10,162406.65313567864,159080.40155208064,177120.5054680408,176568.69978417538,142354.7199466521
2025-04-11,165366.14254390376,161979.2776409578,180695.66887685895,180132.72503886212,144930.21509233955
2025-04-14,164838.57501974836,161462.51523025555,180510.37570381272,179948.00913283415,146081.64396799495
2025-04-15,162943.97054183722,159606.7141573975,178439.31709623942,177883.4027534106,145829.24689510962
2025-04-16,157286.38392209008,154065.00060128377,172737.33062273543,172199.18039218197,142561.4509486892
2025-04-17,157417.61786534003,154193.54674139802,171899.81379728165,171364.27278774072,142750.60691276912
2025-04-21,153153.20589963382,150016.47422133753,167442.76680674628,166921.1113936592,139386.33298020528
2025-04-22,158184.980214595,154945.19273802754,172375.4321249783,171838.40936211988,142887.32804138208
2025-04-23,163532.73392290412,160183.41907231894,177613.4698757472,177060.12839814968,145267.99359962504
2025-04-24,167564.1327811958,164132.25082773887,182461.8949750478,181893.44859177875,148210.99440013376
2025-04-25,170053.02298694395,166570.16605907292,185100.05845418072,184523.39306996143,149303.77384356712
2025-04-28,170195.49203600822,166709.7171987356,184758.1609620827,184182.56073392168,149399.43377238823
2025-04-29,170929.86317832398,167429.04768152226,185357.21024091152,184779.743719539,150266.31064460144
2025-04-30,170015.2955219689,166533.2112905219,184435.23392762663,183860.6397544823,150488.70348601934
2025-05-01,174458.86075644087,170863.72769395684,190686.63157356266,190081.46195795224,151436.64719998112
2025-05-02,175006.90441710167,171400.47763255856,192482.30088494293,191871.43247179248,153666.79021091497
2025-05-05,172583.23693809274,169026.7554933763,190910.91994019938,190305.03851535777,152686.1505930058
2025-05-06,170813.72082749158,167293.7044029308,189278.79400062136,188678.09234648172,151511.4994449745
2025-05-07,171844.02716294435,168302.77886540783,187515.99944127892,186920.8922522419,152170.0223949789
2025-05-08,173232.6550425185,169662.79081811136,189609.38575308156,189007.63492164976,153052.57430104588
2025-05-09,173132.50771307223,169564.7072587347,189311.89095703774,188711.08426526524,152943.68031586512
2025-05-12,185678.0383271361,181851.70785774823,200067.22160147855,199432.2814245312,157923.34037610318
2025-05-13,188753.57192153425,184863.8628856347,202337.92683407696,201695.78026934335,159068.00048713994
2025-05-14,188835.5495222553,184944.15114606396,203944.54023404114,203297.29486607382,159230.95222795932
2025-05-15,185671.91627672242,181845.711966509,201503.24804560345,200863.75044601967,159888.9473990461
2025-05-16,185393.18739451963,181572.72694515414,201940.96104012372,201300.07429961037,161009.01301252114
2025-05-19,184891.33674961326,181081.21810712482,202141.3324404801,201499.8097944377,161150.0751227317
2025-05-20,183430.2480309881,179650.23854051853,200505.7463209444,199869.41442694943,160524.7758555923
2025-05-21,181262.05740354903,177526.72855455952,199519.3898294884,198886.18827018898,157934.68762283228
2025-05-22,181717.15568339505,177972.44846941187,200611.12783970652,199974.46150331947,157864.42705442233
2025-05-23,178381.30993376282,174705.3456273846,197496.54962695102,196869.76782250125,156805.4254617175
2025-05-27,182811.54474612826,179044.28508461907,202398.24154310074,201755.90356154376,160013.5164180806
2025-05-28,182655.13594774698,178891.0994555276,201822.6125092321,201182.10136366403,159122.04504830562
2025-05-29,182918.24602269457,179148.78753169902,202042.96480920503,201401.7543460415,159760.31448234586
2025-05-30,183281.585570055,179504.6396174656,202354.5236942961,201712.32445719925,159747.34431544502
2025-06-02,186239.70548824585,182231.96522348555,203815.70650049788,203150.3804346693,160402.63461957892
2025-06-03,185625.89014764395,181631.35873353772,203109.6524187404,202446.63116146924,161333.01649005644
2025-06-04,188309.20371896244,184256.92938792796,205157.67097278938,204487.96426349538,161344.90471017614
2025-06-05,188515.17759837184,184458.47086229335,205015.1345882771,204345.89316781473,160493.42578788486
2025-06-06,192058.39813876172,187925.4439258661,209139.95918010848,208457.25288314058,162143.40782360994
2025-06-09,192988.44068934408,188835.47265088887,209913.79001722374,209228.5576645592,162292.57134020617
2025-06-10,193916.50276750614,189743.56352178825,211236.60008148494,210547.04961207169,163182.4197898094
2025-06-11,191754.77727350424,187628.35675633006,208920.43219207588,208238.44250831607,162734.665350562
2025-06-12,192288.591964587,188150.68415137264,209124.34984689532,208441.69450427455,163356.70558288498
2025-06-13,190406.25433867858,186308.8530344036,207102.76570379795,206426.70952199635,161511.3661807978
2025-06-16,194133.38142648514,189955.77511295865,210389.27096748134,209702.4864779602,163028.38751269804
2025-06-17,193045.17337916777,188890.98449532545,208980.37099030588,208298.18564525232,161666.74429414913
2025-06-18,192369.23081441718,188229.58771299175,208197.29586855162,207517.66675578727,161616.75043617628
2025-06-20,189848.075940154,185762.68622082446,205864.0651152801,205192.052487351,161264.642731277
2025-06-23,191909.61687633963,187779.86432580958,207150.01353076813,206473.80311546125,162813.83218820702
2025-06-24,195020.79270839843,190824.08996257998,209346.26337296766,208662.88362664022,164624.60207118918
2025-06-25,194760.72670638358,190569.62038794908,210338.38532333935,209651.7669424366,164624.0610977986
2025-06-26,198653.78988455044,194378.90773533113,213457.45950689272,212760.659372134,165944.36603262386
2025-06-27,201293.56473409355,196961.8765889311,216209.7915585814,215504.00684512046,166810.42484751478
2025-06-30,200721.05323752627,196401.68511494342,216127.6010311333,215422.0846164272,167671.90518029523
2025-07-01,198465.4406742481,194133.75250221172,215230.16886870054,214517.06915141607,167484.3589419141
2025-07-02,197817.81422806144,193500.26109035301,216369.60446149623,215652.72957085498,168279.08843608684
2025-07-03,200302.36497816464,195930.58426783458,218501.45227676403,217777.5141566399,169682.3602167641
2025-07-07,199962.7725378354,195598.403740391,216946.7691995049,216227.9820490087,168348.26705771565
2025-07-08,198996.37679032132,194653.10045620348,215593.87820259592,214879.57344503043,168227.74874187403
2025-07-09,201952.18615104887,197544.39659788818,218320.7918505761,217597.4522938388,169247.56274994454
2025-07-10,201119.19051772926,196729.58184946195,218277.61487394245,217554.418370988,169712.35125375862
2025-07-11,201143.5766962259,196753.43577750432,218778.49399715484,218053.63798353312,169152.7208784458
2025-07-14,201566.65776321312,197167.28271663806,218885.03384618007,218159.82484516528,169390.78875371738
2025-07-15,201136.47196485774,196746.48611333943,218852.8737203496,218127.7712721325,168720.62827857913
2025-07-16,199687.21215174894,195328.8577095547,218233.95962061154,217510.90775606432,169259.46416453717
2025-07-17,200578.45527404532,196200.64864270345,218930.55244973674,218205.1926366704,170169.02515671405
2025-07-18,201210.21445361318,196818.61910542264,220005.95675526533,219277.0339170419,170153.6272067921
2025-07-21,202933.0538481479,198503.85596824062,222650.40104237394,221912.71664212868,170391.6950820637
2025-07-22,201110.359279195,196720.9433607151,222104.36055679497,221368.48529565852,170500.32517778562
2025-07-23,202194.73348306143,197781.65011448544,222506.74971774436,221769.54126248174,171832.25444327176
2025-07-24,203992.22748745282,199539.91218261793,224183.51979862707,223440.75587557425,171952.2317857228
2025-07-25,204027.58527597957,199574.49825535459,224422.66816542143,223679.11189697555,172635.62631722074
2025-07-28,204638.61936081122,200172.19596731957,224762.0388787186,224017.35820861015,172666.15832760584
2025-07-29,202564.8570543605,198143.69540328582,223576.77040221027,222836.01675878192,172155.16277955295
2025-07-30,201982.84017342955,197574.38156843933,222916.5150933243,222177.94900509127,171940.06648167135
2025-07-31,213088.37619377815,208437.52919683396,228583.49752863377,227826.15561731928,171304.77899851574
2025-08-01,204766.70664399097,200294.20441535854,220810.35860892962,220071.81979998152,168565.2501652278
2025-08-04,208337.9046089621,203787.40048676508,224372.70067511898,223622.24699096664,171049.41316921872
2025-08-05,206469.97203258442,201960.26718263095,223160.73515047366,222414.33509668856,170218.47804129633
2025-08-06,209169.059873907,204600.40170784353,227709.16356841061,226947.55050139767,171457.9932183048
2025-08-07,207959.00614873486,203416.77790417225,228513.13395513294,227748.83186874798,171321.25889521887
2025-08-08,209043.11890846377,204477.21153747753,232191.6180351004,231415.0126162619,172657.51594782958
2025-08-11,208297.1004692186,203747.48758861513,231173.09779564597,230399.89899563312,172225.15945850412
2025-08-12,211811.12380088386,207184.75783165617,234374.77727449944,233590.86989829552,174179.12895631322
2025-08-13,210420.20872882678,205824.22304388246,234132.42534439973,233349.32855655285,174741.7412825107
2025-08-14,212413.25482492094,207773.7371456762,235782.28327309896,234993.66824726146,174794.70389689523
2025-08-15,212397.94764774435,207758.76430695315,235743.64787303613,234955.1620700418,174288.30002542573
2025-08-18,210332.16443389823,205738.1018072076,234265.08273004703,233481.54224640518,174270.7381819415
2025-08-19,206902.02917083254,202382.8873545608,231485.6142343464,230711.37016852325,173249.8422270898
2025-08-20,204835.85598481804,200361.8434003958,228556.86023722307,227792.41190065086,172828.5559005617
2025-08-21,203460.18129725568,199016.21611754503,227486.01860772277,226725.15188800317,172136.51898928755
2025-08-22,207221.94649890656,202695.81706738114,232156.55415500648,231380.0660134389,174750.6607462187
2025-08-25,206490.37620485615,201980.22568818543,232077.27535641807,231301.05237663843,174005.10705269646
2025-08-26,206453.09289435652,201943.75671753642,232236.8278307501,231460.07119985417,174724.44332848524
2025-08-27,206592.05091372738,202079.6796241123,232664.28042028027,231886.09409954396,175142.20673073814
2025-08-28,208079.64103352802,203534.7778889862,235065.43689886,234279.21949091856,175695.08153590525
2025-08-29,205874.16970045285,201377.47832960426,233780.9184667708,232998.99735506694,174570.95202476444
2025-09-02,204389.26948469464,199726.46188323846,231831.51775623445,231031.22298986724,173362.52302600458
2025-09-03,211366.32806277243,206544.35025705022,238111.20332555842,237289.23074961553,174246.68465777033
2025-09-04,214484.72453255908,209591.6056008847,241689.66625616752,240855.34063529473,175701.03224320157
2025-09-05,214619.95557469898,209723.7515675075,240624.16990605876,239793.52243542555,175144.911597691
2025-09-08,214952.6586569923,210048.86457197994,241097.2031007933,240264.92269433785,175513.76308875222
2025-09-09,218415.52942781747,213432.7355978881,242972.46659482075,242133.71267874783,175985.5710521708
2025-09-10,215861.90101035484,210937.36404501655,239046.09227773405,238220.8924152565,176510.6187139057
2025-09-11,216205.93321678074,211273.54771814463,239875.54213664896,239047.47896901137,178008.4684766229
2025-09-12,217132.54427467342,212179.01965706484,241533.46343487545,240699.6770344744,177922.5328743592
2025-09-15,222456.78289274723,217381.79446070793,246189.38056475128,245339.5216900476,178759.94648849554
2025-09-16,223720.9478220953,218617.11953042482,247239.39177768695,246385.90820826328,178529.7161301508
2025-09-17,222600.1497172895,217521.89060513594,246436.97358526522,245586.26000624686,178356.51228385637
2025-09-18,223732.29276719695,218628.20565911997,246825.13515795843,245973.08162448462,179210.68287862762
2025-09-19,225148.0056535422,220011.62136653517,249758.64138734216,248896.46123387638,180086.2021306171
2025-09-22,222661.4501971478,217581.79261459422,249496.9631446059,248635.6863183933,180880.39065139924
2025-09-23,220195.48011169364,215172.07961195274,246460.64582893995,245609.85053207364,179885.15794641752
2025-09-24,219125.3146751648,214126.32825325115,245356.10806907812,244509.12569548056,179373.09364605643
2025-09-25,217162.16572260513,212207.9653400069,244525.08722734847,243680.97358202742,178474.6028166769
2025-09-26,217342.9362105304,212384.611844284,244820.70977990108,243975.5756297586,179527.93078601718
2025-09-29,216931.05007094235,211982.12221473508,244821.52110676086,243976.38415587478,180001.08458567574
2025-09-30,215576.3492517503,210658.32668373824,243859.96605412863,243018.14844257847,180737.44173155818
2025-10-01,215125.5652749091,210080.0714931425,243647.6617228361,242785.1425417095,181351.93472535902
2025-10-02,215596.92330692205,210540.37442802428,244794.35868727698,243927.78016849954,181464.07455088323
2025-10-03,214425.48616161736,209396.41183612662,243308.9079039481,242447.58792032007,181475.96277100293
2025-10-06,218030.66542998594,212917.0362559933,245777.31300267956,244907.25479956937,182137.7315613508
2025-10-07,215729.38467079497,210669.72908076833,244392.08681977328,243526.93235407025,181443.53075651434
2025-10-08,215959.90669726208,210894.8445092348,245628.16588350618,244758.6356651515,182500.92262352037
2025-10-09,215821.3434548625,210759.53108968644,245607.9763723742,244738.5176254241,181998.0284818532
2025-10-10,210090.55222547182,205163.14820676795,237456.77237950155,236616.16911075887,177063.75740853162
2025-10-13,213800.18590605585,208785.77719479438,241238.80801638606,240384.81624123437,179825.71684581903
2025-10-14,213525.28061457208,208517.3194537772,240189.86854977228,239339.59004813773,179544.41068272028
2025-10-15,215926.52290575742,210862.24369167487,242005.8234960649,241149.11646578304,180267.25668831132
2025-10-16,215323.00664119495,210272.88212581663,240950.42476787965,240097.45387707214,179132.58479329076
2025-10-17,216605.1215812475,211524.92670696377,242436.60220514837,241578.37020681723,180076.74169351853
2025-10-20,219481.3727026251,214333.7190531411,247073.6057146922,246198.9586010193,181998.56945524376
2025-10-21,217919.85908932614,212808.8287357111,247341.0985297352,246465.50448440632,182004.52016254008
2025-10-22,218578.57787297206,213452.0981164812,246134.63264247723,245263.3095183703,181033.06389779772
2025-10-23,219138.72483410625,213999.10755021058,247368.48005082418,246492.7890741848,182088.01478730972
2025-10-24,222154.89539222379,216944.53770248056,250631.1472359515,249743.9063309898,183526.95122834606
2025-10-27,227315.74772549293,221984.3488739387,255839.6998694288,254934.02055007592,185782.50679416396
2025-10-28,228389.25367485062,223032.6771202872,257056.02167273572,256146.03654195683,186207.56673995315
2025-10-29,230567.17318409734,225159.51632521464,258814.0818599766,257897.8731495321,186199.45213909456
2025-10-30,223791.6789740399,218542.93262800842,251728.2339327297,250837.10931177976,184355.18148931558
2025-10-31,221562.56324659786,216366.09794641638,254265.34515096192,253365.23908904553,184837.80892054568
2025-11-03,223687.16136294676,218278.84333600354,255599.94471561303,254665.39758378296,185155.86169078463
2025-11-04,220759.5912897053,215422.05618077033,252613.90835818468,251690.27903667136,182982.7188029552
2025-11-05,221772.8998232136,216410.86489598223,254013.03385479026,253084.28892685,183651.25635792172
2025-11-06,218992.55129426575,213697.73975606874,250209.96961348635,249295.1297854976,181598.3678964751
2025-11-07,217483.67045573337,212225.34070482277,249369.86286650074,248458.09471112795,181827.51630803867
2025-11-10,222820.38420293352,217433.02315229274,254158.36000491597,253229.08372264798,184627.84527263805
2025-11-11,224062.15792227892,218644.7732120289,255514.80816786666,254580.57231981485,185011.01276684005
2025-11-12,222054.06005957938,216685.22722778554,252151.7539162314,251229.8143646774,185127.48037948887
2025-11-13,217444.45180878675,212187.07028804717,248501.36706964383,247592.77438544284,182062.35153743977
2025-11-14,217333.51381141704,212078.8145544578,248050.21082944202,247143.26770260205,181971.00620127033
2025-11-17,218581.82143826174,213296.94054459032,247447.8889502952,246543.14808599962,180303.73940599273
2025-11-18,214489.93500706044,209303.98792351576,243477.12836771953,242586.9057495752,178815.07299644238
2025-11-19,215897.67148590932,210677.68808785576,244026.67636062554,243134.44443648882,179486.31541836177
2025-11-20,212659.7253584252,207518.02916427213,240971.20854057715,240090.1482882137,176692.20105051756
2025-11-21,215559.28534226664,210347.4834592789,244322.57031397807,243429.2565161902,178427.85479904752
2025-11-24,222482.2799763665,217103.0936245881,251401.82004296835,250482.62246599147,181187.6371482997
2025-11-25,225097.6318892251,219655.211443854,255295.83084496693,254362.3956411769,182829.50458316616
2025-11-26,225346.44229755088,219898.00610318265,255300.28688290255,254366.83538655238,184092.25522702344
2025-11-28,227287.78125670052,221792.40728358272,258197.30437079817,257253.26054279789,185078.0274949066
2025-12-01,225985.23788224897,220390.382164727,257159.93281351,256198.47251568545,184092.796200414
2025-12-02,227449.97571498263,221818.85658081036,258838.7636428058,257871.02659272257,184545.1555107178
2025-12-03,225890.504278065,220297.9939387278,256739.85520040477,255779.96547363533,185095.06155947325
2025-12-04,225252.9323361955,219676.2067581008,257126.91134909604,256165.57451073374,185295.02379689168
2025-12-05,226219.60677431448,220618.94864178493,258644.10781945358,257677.09854155418,185653.87387746372
2025-12-08,225379.0801119314,219799.231415659,257007.5185940952,256046.62813706655,185008.3078998872
2025-12-09,226176.70288551433,220577.1069509841,256967.10970115534,256006.37032344073,184846.17421639015
2025-12-10,225144.99323044854,219570.939967274,256666.18720117092,255706.57290166462,186093.80399425724
2025-12-11,223834.5477898412,218292.9380315371,255660.52904811598,254704.67466710386,186480.75830219328
2025-12-12,222168.92028072942,216668.54748852077,253100.14832303664,252153.8666012936,184492.19289633326
2025-12-15,220374.89706041254,214918.94000599996,251261.15289483077,250321.74674298213,184197.63948240192
2025-12-16,220392.5643172519,214936.16986368058,252025.575540609,251083.31139289518,183758.52742293075
2025-12-17,217234.11659863524,211855.91778050718,248998.77809881364,248067.83043239615,181628.3721279426
2025-12-18,220218.19837187667,214766.1208034062,253222.953571813,252276.21271022744,183069.45926806828
2025-12-19,221985.6454022238,216489.81005906052,254136.76787999648,253186.61048237715,184683.77664343428
2025-12-22,221943.3639141713,216448.5753598487,254411.52121986315,253460.33658434916,185872.4930996205
2025-12-23,223782.63315445062,218242.30867874896,256704.87903386995,255745.12007473272,186718.2852040743
2025-12-24,224237.45000166268,218685.86534515498,257315.5526344772,256353.51051086918,187319.79483650133
2025-12-26,223929.08582091678,218385.13552635186,256804.72087375523,255844.58862954183,187262.78151892396
2025-12-29,223878.1045572275,218335.41643720688,256348.88798393556,255390.45999131846,186608.85024550295
2025-12-30,223927.46947189656,218383.55919427986,256990.56043849574,256029.73338400878,186352.13857996595
2025-12-31,222759.01241546206,217244.03034883886,255376.2867003051,254421.49503434898,184981.02172984555
